match_id,radiant_win,radiant_team,dire_team
8988868323,False,"0,0,0,0,0","0,0,0,0,0"
8988862417,False,11,11
8988862393,False,"0,0,0,0,0","0,0,0,0,0"
8988860245,False,"0,0,0,0,0","0,0,0,0,0"
8988856881,False,"15,25,98,81,86","107,9,36,109,90"
8988853172,False,"86,44,94,12,98","102,6,101,18,26"
8988852862,False,"51,87,48,85,39","107,91,44,69,18"
8988852827,False,"0,0,0,0,0","0,0,0,0,0"
8988852618,False,"26,8,99,25,50","108,88,1,11,51"
8988852351,False,"20,84,46,107,155","9,27,60,74,8"
8988849847,True,"4,84,91,135,35","36,101,8,120,40"
8988849164,False,"3,56,35,17,27","40,43,44,91,6"
8988846818,False,"95,35,26,102,100","8,42,21,84,105"
8988845604,True,"86,105,25,84,54","44,71,80,97,39"
8988845397,False,"25,57,14,8,31","35,73,18,48,128"
8988845138,False,"83,8,80,6,26","48,105,60,90,42"
8988844895,True,"11,112,86,96,6","74,9,4,108,84"
8988844584,False,"14,9,131,52,18","11,53,23,71,74"
8988844028,True,"1,64,35,69,27","26,11,16,5,4"
8988843711,True,"86,33,9,14,35","21,42,6,31,11"
8988843672,False,"2,11,83,96,10","59,99,91,109,61"
8988843504,False,"84,73,14,21,43","86,145,97,39,22"
8988843116,False,"29,55,59,9,40","13,20,119,44,85"
8988843035,True,"86,52,23,45,76","85,53,14,40,82"
8988842873,True,"129,5,14,75,44","62,35,6,42,37"
8988842244,False,"90,95,101,62,126","44,19,52,86,71"
8988842028,False,"47,15,18,62,26","102,88,111,128,91"
8988842025,True,"43,71,86,2,44","52,56,84,135,14"
8988841837,True,"114,86,135,100,31","14,45,87,61,11"
8988841562,True,"105,112,114,85,109","43,29,111,30,4"
8988841380,True,"86,54,69,104,25","78,14,45,5,108"
8988841372,False,"62,101,7,22,18","53,20,14,91,32"
8988841367,False,"49,9,40,123,27","16,7,25,90,85"
8988841173,True,"84,114,5,71,86","53,97,105,9,74"
8988841118,False,"20,25,15,14,29","9,18,138,69,108"
8988840975,False,"74,99,83,90,42","145,1,82,47,105"
8988840934,True,"90,76,8,10,123","37,7,22,20,4"
8988840835,True,"119,43,14,8,86","5,39,105,19,72"
8988840621,True,"22,30,41,53,72","54,58,7,35,23"
8988840519,True,"108,81,84,102,44","111,89,69,67,119"
8988840485,False,"107,42,104,20,97","9,84,40,106,35"
8988840398,False,"62,21,55,71,136","63,81,121,14,112"
8988840205,True,"79,52,18,102,35","44,15,36,20,14"
8988839939,False,"14,104,35,18,27","138,26,101,2,93"
8988839835,False,"85,70,79,6,101","26,138,14,38,20"
8988839777,True,"113,43,64,135,93","9,20,100,11,119"
8988839597,False,"29,3,4,64,11","18,7,14,22,71"
8988839527,True,"57,27,45,72,9","94,90,35,105,22"
8988839465,True,"68,48,28,113,101","21,22,14,106,8"
8988839408,False,"106,6,9,42,50","135,12,86,39,40"
8988839252,True,"12,20,100,47,86","105,41,80,61,104"
8988839014,False,"69,22,2,8,71","44,52,37,41,126"
8988838978,False,"42,31,37,11,4","131,138,22,71,14"
8988838961,True,"84,34,63,42,88","46,32,8,86,99"
8988838920,True,"26,85,36,42,97","60,34,48,14,68"
8988838722,True,"119,48,83,14,69","25,2,9,86,8"
8988838717,True,"41,84,107,49,42","80,29,60,104,77"
8988838565,True,"86,129,51,25,6","8,97,15,27,47"
8988838535,False,"82,13,64,44,17","53,15,105,90,102"
8988838489,False,"88,52,42,9,53","36,8,7,47,111"
8988838470,True,"6,64,5,75,106","28,44,68,84,45"
8988838379,False,"54,17,38,114,121","11,94,86,14,26"
8988838225,False,"86,74,49,27,1","97,112,96,121,77"
8988838152,False,"14,43,99,8,111","86,73,2,6,64"
8988838039,False,"11,71,21,46,27","14,47,113,6,155"
8988838012,True,"1,128,30,99,84","129,7,48,21,11"
8988837922,True,"126,71,32,31,69","97,10,5,104,64"
8988837890,True,"37,81,155,105,75","7,42,25,123,90"
8988837846,True,"131,20,28,107,5","53,128,46,32,30"
8988837760,True,"11,84,99,60,21","128,119,93,110,71"
8988837585,False,"40,74,101,54,107","108,26,120,8,105"
8988837341,False,"137,37,114,62,55","30,8,108,25,41"
8988837225,True,"74,31,96,46,64","37,41,102,30,155"
8988837213,True,"11,74,25,35,136","49,93,26,126,137"
8988837202,True,"49,83,22,90,41","43,64,37,23,18"
8988837088,False,"26,42,37,43,4","91,86,64,81,111"
8988836997,True,"6,43,42,86,104","71,39,20,11,68"
8988836960,True,"27,18,100,44,123","6,67,97,49,34"
8988836695,False,"110,128,20,121,14","30,54,108,25,47"
8988836375,True,"27,63,86,55,138","48,8,123,110,29"
8988836351,True,"5,93,28,90,155","44,3,37,43,29"
8988836303,False,"83,87,97,11,48","12,106,7,96,102"
8988836290,True,"9,69,23,11,21","4,22,49,14,26"
8988836076,True,"42,45,8,27,26","91,81,47,84,28"
8988835953,True,"21,22,61,14,71","113,107,67,26,28"
8988835943,True,"83,90,11,14,31","120,64,135,80,121"
8988835897,False,"48,10,8,98,25","40,93,27,75,44"
8988835881,True,"97,123,108,14,20","86,114,105,99,46"
8988835821,False,"97,114,29,1,11","54,27,42,106,91"
8988835707,False,"47,3,106,107,30","123,84,13,109,51"
8988835679,True,"49,58,8,42,30","7,67,77,1,9"
8988835561,True,"14,75,110,72,100","101,107,85,145,2"
8988835509,False,"49,20,22,8,37","43,120,55,90,91"
8988835317,False,"74,81,119,57,44","108,25,21,20,5"
8988835236,True,"1,86,20,8,42","18,88,71,108,55"
8988835233,True,"31,11,135,19,8","42,62,93,39,20"
8988835185,False,"67,86,119,37,2","107,14,8,145,27"
8988835151,False,"50,20,25,22,42","58,108,67,84,26"
8988835014,True,"8,62,74,97,14","85,129,3,55,35"
8988835009,False,"28,48,12,67,14","50,95,71,22,44"
8988834864,True,"32,99,21,6,7","22,23,113,54,39"
8988834858,True,"121,108,15,100,88","7,6,74,25,14"
8988834857,False,"5,74,48,86,104","54,128,19,136,53"
8988834713,True,"126,19,26,16,107","62,29,25,6,37"
8988834653,True,"101,14,121,8,22","120,68,89,52,85"
8988834589,False,"36,7,62,18,3","59,64,110,61,11"
8988834551,False,"36,84,6,14,30","108,145,25,34,91"
8988834450,True,"54,102,86,76,62","99,101,46,93,68"
8988834424,True,"14,21,7,20,27","111,57,54,72,52"
8988834387,False,"15,89,84,41,74","25,26,14,30,1"
8988834339,True,"74,57,26,6,18","84,93,14,86,97"
8988834335,False,"74,22,86,21,145","59,5,108,53,40"
8988834319,False,"48,36,84,98,9","123,76,41,5,49"
8988834317,True,"33,48,86,121,23","17,74,39,12,20"
8988834303,True,"12,69,123,44,2","56,89,25,74,73"
8988834168,True,"14,88,48,25,60","62,54,86,98,44"
8988834079,False,"14,53,60,41,8","114,9,108,86,145"
8988834025,False,"30,11,97,31,21","4,68,84,86,33"
8988833991,False,"98,30,11,109,40","6,14,50,99,123"
8988833959,True,"54,35,84,88,14","7,86,104,22,128"
8988833947,True,"20,84,1,137,54","57,22,70,14,6"
8988833909,True,"37,135,36,86,32","62,129,107,126,8"
8988833908,True,"11,17,50,3,96","108,14,106,59,8"
8988833893,False,"2,5,18,86,21","106,84,74,30,36"
8988833892,False,"119,109,81,87,84","129,53,11,27,35"
8988833852,True,"20,119,135,6,13","44,62,36,84,5"
8988833847,True,"107,75,100,45,44","120,12,19,26,68"
8988833815,True,"109,62,81,136,72","52,123,4,36,88"
8988833814,False,"12,40,14,111,62","63,35,88,68,26"
8988833798,True,"90,145,2,6,69","14,29,15,48,50"
8988833784,True,"119,20,74,11,48","8,120,50,104,62"
8988833663,False,"22,42,67,68,62","86,106,2,12,9"
8988833632,True,"41,49,101,73,86","26,48,36,40,2"
8988833606,False,"16,25,14,123,9","113,26,97,6,99"
8988833573,False,"50,43,49,5,44","64,96,102,11,68"
8988833562,False,"129,8,100,15,39","47,9,30,6,69"
8988833551,True,"121,40,85,53,67","80,113,135,87,83"
8988833531,False,"86,9,95,97,91","39,26,54,21,94"
8988833530,True,"11,61,25,31,7","14,100,32,3,119"
8988833514,True,"14,74,35,41,76","26,95,9,84,108"
8988833479,False,"17,32,74,20,44","80,135,114,12,35"
8988833438,False,"38,74,91,8,105","64,120,44,128,20"
8988833403,True,"137,74,36,105,54","63,119,72,16,64"
8988833375,False,"31,67,85,84,91","1,54,22,104,2"
8988833349,True,"25,114,35,74,42","12,86,19,96,91"
8988833321,True,"14,16,55,85,112","128,71,35,90,84"
8988833290,True,"64,84,101,85,42","35,8,62,26,30"
8988833288,True,"97,74,10,114,111","71,86,47,105,19"
8988833204,False,"20,19,44,30,22","120,55,8,18,45"
8988833152,True,"99,21,71,107,54","86,114,74,85,8"
8988833052,True,"41,5,56,88,98","30,68,108,44,47"
8988833043,True,"84,34,28,58,100","26,86,25,69,42"
8988833027,True,"94,14,54,11,10","53,85,26,5,44"
8988833023,True,"35,2,84,48,31","68,95,86,90,29"
8988833015,True,"90,64,93,75,77","36,22,32,41,9"
8988832992,False,"6,37,93,28,91","59,109,14,42,35"
8988832960,False,"25,40,145,47,53","104,14,114,85,15"
8988832937,True,"71,28,19,20,86","26,114,2,22,42"
8988832933,False,"97,50,55,113,48","11,69,39,84,5"
8988832926,False,"64,84,9,135,76","102,39,55,113,3"
8988832848,True,"14,27,7,42,6","40,47,34,80,20"
8988832778,False,"100,26,11,55,137","83,39,35,14,128"
8988832747,True,"99,5,8,14,76","30,6,86,32,96"
8988832735,True,"30,51,40,48,20","14,104,8,85,11"
8988832679,True,"21,112,54,30,42","10,101,35,62,7"
8988832631,True,"145,106,74,104,121","100,14,52,17,82"
8988832590,True,"63,56,84,128,74","26,93,7,53,109"
8988832563,True,"50,20,74,86,6","53,111,39,45,35"
8988832542,True,"35,14,25,96,64","119,97,74,114,53"
8988832478,True,"106,114,48,42,37","43,26,14,20,2"
8988832328,True,"93,39,85,30,71","86,37,12,16,43"
8988832272,False,"0,0,0,0,0","0,0,0,0,0"
8988832236,True,"35,32,90,107,11","101,8,57,30,36"
8988832210,True,"26,88,44,86,60","58,8,94,27,31"
8988832143,True,"42,25,56,87,79","7,9,21,105,81"
8988832085,True,"27,6,107,62,97","60,74,129,54,86"
8988832065,False,"103,35,90,94,7","84,121,21,98,86"
8988832017,True,"7,26,109,20,14","98,105,11,104,5"
8988831996,True,"8,22,105,34,61","74,109,92,20,53"
8988831932,True,"136,74,71,86,11","32,100,56,112,108"
8988831906,False,"14,29,63,100,53","86,28,74,41,91"
8988831880,True,"44,7,113,86,96","56,14,136,35,85"
8988831879,True,"98,101,41,121,74","16,44,53,83,14"
8988831815,True,"86,21,25,11,55","1,101,98,30,15"
8988831812,True,"50,106,48,96,71","2,26,18,74,17"
8988831785,True,"11,68,14,84,53","75,10,20,42,7"
8988831775,True,"35,39,86,96,85","22,81,9,104,11"
8988831747,False,"137,58,36,56,30","62,102,20,98,74"
8988831684,True,"44,14,5,15,27","29,63,93,100,16"
8988831665,True,"42,69,14,86,106","23,81,7,35,32"
8988831664,False,"128,42,54,59,62","26,101,36,2,70"
8988831644,True,"90,25,5,30,42","22,50,99,48,64"
8988831608,True,"126,81,131,86,54","44,22,76,108,14"
8988831578,True,"36,35,128,51,54","22,6,84,56,81"
8988831550,True,"25,6,20,42,123","3,7,91,102,4"
8988831494,True,"13,44,26,42,5","27,15,77,8,87"
8988831479,True,"84,75,42,40,63","12,71,119,121,104"
8988831343,True,"59,80,86,14,111","30,7,5,74,12"
8988831324,True,"56,22,90,129,12","101,19,48,37,15"
8988831302,True,"53,14,75,44,114","48,91,138,129,26"
8988831244,False,"104,44,71,21,129","22,84,18,30,62"
8988831205,False,"52,70,86,53,13","7,14,145,56,84"
8988831196,True,"51,5,14,74,8","103,90,19,112,106"
8988831171,True,"88,47,42,31,80","101,25,108,20,22"
8988831149,True,"41,22,102,36,26","83,53,74,71,6"
8988831146,False,"93,107,79,61,50","76,5,14,46,128"
8988831118,True,"90,14,51,11,39","19,114,7,97,12"
8988831088,True,"13,51,84,35,121","137,68,42,113,100"
8988831063,True,"100,1,60,84,36","88,5,94,85,107"
8988831044,True,"91,86,55,64,10","7,84,128,101,54"
8988831023,False,"14,34,48,9,7","75,76,135,85,50"
8988831015,True,"27,42,25,21,121","11,59,128,20,84"
8988831014,True,"8,29,22,1,55","35,44,68,108,84"
8988831007,True,"21,7,84,104,128","75,39,14,30,54"
8988831005,True,"43,21,14,41,1","129,86,28,11,67"
8988830989,False,"58,84,25,98,26","86,14,104,64,41"
8988830976,False,"17,14,56,84,11","128,74,103,18,19"
8988830950,True,"112,26,56,88,48","97,2,50,19,74"
8988830905,True,"108,41,97,86,35","64,74,38,79,84"
8988830888,True,"96,136,26,81,75","71,14,22,12,105"
8988830879,False,"79,106,109,137,18","86,39,19,62,54"
8988830858,False,"93,45,123,74,49","119,110,4,86,84"
8988830842,True,"40,85,21,86,48","128,12,137,26,126"
8988830776,True,"7,66,44,86,135","27,10,128,16,49"
8988830730,False,"6,75,2,71,126","14,86,97,54,108"
8988830725,True,"70,11,86,14,129","53,100,35,29,84"
8988830596,True,"33,9,84,36,11","13,26,19,135,1"
8988830554,False,"44,36,49,111,50","11,97,90,48,42"
8988830523,False,"15,26,8,43,5","90,50,18,84,97"
8988830519,False,"75,42,14,11,113","10,71,36,17,27"
8988830511,True,"99,88,17,11,26","44,2,5,101,36"
8988830484,True,"109,106,5,60,30","83,93,74,111,69"
8988830446,False,"100,106,9,12,56","4,90,71,88,103"
8988830444,True,"20,5,135,26,138","80,9,75,40,2"
8988830415,False,"40,137,84,11,10","13,75,2,121,93"
8988830387,True,"54,106,26,20,42","43,27,12,7,47"
8988830318,True,"59,21,22,71,8","2,40,93,54,86"
8988830301,False,"42,84,54,21,97","75,33,99,40,67"
8988830291,False,"34,4,126,66,70","45,106,44,46,84"
8988830275,False,"42,50,18,64,43","35,137,11,102,15"
8988830272,False,"12,22,26,29,101","53,81,84,25,93"
8988830264,True,"26,21,54,39,131","96,11,67,30,97"
8988830233,False,"29,131,22,35,9","8,54,106,121,55"
8988830169,False,"103,58,42,11,44","62,76,35,65,111"
8988830149,False,"123,2,40,83,8","63,5,108,101,27"
8988830133,True,"61,35,11,49,11","22,3,44,111,99"
8988830114,False,"135,96,26,21,8","111,86,6,98,14"
8988830101,True,"12,23,113,114,62","90,105,96,94,11"
8988830098,True,"74,105,7,71,35","39,21,4,104,101"
8988830003,True,"95,50,55,86,74","108,20,35,102,128"
8988830001,True,"123,36,2,56,14","53,32,106,8,96"
8988829962,False,"107,14,44,123,50","111,104,74,109,21"
8988829821,True,"39,63,11,105,7","97,73,96,84,14"
8988829800,True,"8,55,97,9,1","14,74,31,22,44"
8988829791,True,"2,14,97,74,11","42,43,5,84,48"
8988829686,False,"105,69,6,86,102","18,131,67,100,28"
8988829666,True,"93,26,20,68,49","114,131,85,25,9"
8988829631,True,"71,44,104,101,86","14,137,93,35,60"
8988829630,True,"106,10,9,98,93","86,69,15,57,18"
8988829622,False,"30,4,3,2,22","111,101,74,53,123"
8988829610,True,"85,35,107,1,26","11,45,16,97,14"
8988829584,True,"114,119,22,107,25","14,88,41,90,40"
8988829556,True,"28,136,11,14,105","5,32,9,20,15"
8988829538,False,"137,6,121,105,8","44,84,95,70,86"
8988829518,False,"114,110,14,9,93","84,74,108,67,32"
8988829516,True,"34,6,87,102,100","145,96,84,46,109"
8988829506,True,"62,39,84,44,112","64,22,71,1,97"
8988829485,True,"112,8,15,86,107","14,6,21,36,96"
8988829466,False,"109,19,97,101,112","27,110,67,76,99"
8988829461,False,"100,21,20,86,93","44,119,33,105,101"
8988829443,False,"55,35,84,31,21","62,108,42,15,22"
8988829439,True,"62,71,53,105,37","8,41,68,47,4"
8988829416,True,"43,42,33,64,48","81,17,5,102,8"
8988829407,True,"12,32,14,76,16","11,35,45,26,69"
8988829401,False,"74,62,114,112,59","6,14,32,72,2"
8988829348,True,"109,84,86,37,19","39,27,60,14,44"
8988829255,True,"81,101,21,93,62","8,107,22,75,11"
8988829148,False,"41,34,105,121,69","8,108,30,20,84"
8988829109,False,"2,62,64,35,14","119,67,36,53,104"
8988829073,False,"74,131,109,35,99","25,44,97,62,84"
8988829039,True,"75,62,14,109,131","98,8,27,129,47"
8988829037,False,"22,108,44,106,62","8,84,2,107,136"
8988829019,False,"26,97,85,49,12","31,21,7,8,29"
8988828957,False,"54,71,11,112,33","59,99,5,104,105"
8988828953,False,"56,55,14,104,54","71,84,8,25,119"
8988828950,True,"2,57,26,21,11","1,27,36,51,97"
8988828929,True,"2,9,23,87,109","35,137,123,145,105"
8988828886,False,"20,11,64,30,88","82,59,6,93,2"
8988828844,False,"1,79,68,28,9","7,45,14,56,4"
8988828800,True,"2,34,22,112,54","21,25,106,83,84"
8988828779,True,"85,35,1,30,26","86,28,67,16,84"
8988828721,False,"27,145,106,23,100","75,7,5,41,74"
8988828695,True,"75,18,101,49,87","22,44,99,27,23"
8988828694,False,"111,22,35,67,138","30,3,97,109,28"
8988828659,True,"21,74,3,135,18","106,14,84,64,48"
8988828611,True,"73,72,9,6,74","41,30,42,53,20"
8988828590,False,"22,64,19,30,4","32,45,71,111,34"
8988828580,True,"50,54,107,30,60","90,96,83,8,31"
8988828570,False,"17,56,47,3,102","137,84,71,21,25"
8988828509,False,"109,68,83,11,1","64,71,48,8,76"
8988828490,True,"17,14,26,138,84","22,12,27,20,99"
8988828454,False,"31,53,43,67,86","131,11,2,128,21"
8988828432,False,"75,35,6,22,54","111,39,81,64,44"
8988828379,False,"90,55,61,112,71","34,8,11,67,104"
8988828344,True,"99,114,96,123,84","48,54,19,26,70"
8988828265,True,"53,128,9,7,145","36,58,90,41,119"
8988828231,True,"2,83,11,104,58","99,9,54,13,123"
8988828181,True,"31,67,42,14,35","80,87,8,5,55"
8988828164,False,"93,26,96,87,20","41,85,128,98,101"
8988828162,False,"84,44,126,62,69","16,1,5,12,106"
8988828156,True,"100,22,25,70,55","86,74,93,14,6"
8988828132,True,"35,6,41,97,26","47,14,119,128,36"
8988828032,True,"11,47,36,74,14","121,55,54,100,126"
8988827996,True,"85,74,8,107,75","72,104,91,59,26"
8988827993,False,"11,36,49,14,53","71,100,31,126,8"
8988827963,False,"5,12,123,74,145","86,50,128,96,54"
8988827929,True,"69,35,93,27,64","11,92,25,86,9"
8988827902,False,"30,145,34,15,75","105,7,80,59,114"
8988827897,False,"34,11,26,29,105","102,21,19,22,8"
8988827891,False,"48,42,26,70,43","54,86,50,31,77"
8988827841,True,"22,51,86,136,42","6,100,88,71,18"
8988827831,False,"9,22,50,63,129","2,56,62,8,74"
8988827816,True,"44,123,7,86,64","74,33,101,94,20"
8988827762,False,"13,68,42,123,99","8,74,112,76,64"
8988827746,False,"25,138,110,88,37","44,99,84,9,21"
8988827690,True,"14,84,8,101,3","74,54,51,135,40"
8988827672,True,"87,109,36,32,75","7,42,56,39,30"
8988827648,True,"74,26,97,105,44","84,14,75,34,67"
8988827641,True,"85,107,90,97,69","19,3,26,43,6"
8988827593,False,"22,98,62,6,31","10,36,75,68,2"
8988827578,True,"68,104,14,41,52","123,44,36,84,40"
8988827556,False,"36,48,68,78,91","51,60,97,21,71"
8988827539,True,"60,137,128,73,74","79,88,31,7,126"
8988827511,False,"64,16,48,35,50","52,137,1,46,111"
8988827484,True,"69,47,26,68,94","8,108,52,101,64"
8988827481,False,"46,53,27,54,42","30,86,67,7,35"
8988827477,False,"112,114,39,8,9","21,49,26,25,22"
8988827402,True,"34,62,73,38,3","7,21,74,18,66"
8988827384,True,"135,109,30,105,42","97,68,126,72,8"
8988827367,False,"42,85,120,64,108","30,6,106,39,86"
8988827366,True,"67,9,136,14,86","54,64,135,45,123"
8988827356,True,"105,21,23,88,8","53,6,31,99,111"
8988827304,True,"44,104,3,108,21","138,35,131,96,39"
8988827284,False,"53,11,56,7,91","107,42,155,41,74"
8988827280,True,"84,68,48,42,35","90,67,123,28,11"
8988827262,True,"11,64,120,9,27","99,57,62,3,101"
8988827253,False,"97,42,98,26,53","54,19,35,5,86"
8988827191,False,"67,126,47,74,97","9,96,22,10,14"
8988827178,False,"121,58,1,42,75","135,35,21,7,71"
8988827146,True,"84,29,101,113,5","21,74,53,26,63"
8988827099,False,"37,54,14,40,53","29,20,39,11,88"
8988827095,True,"22,2,112,26,1","32,91,84,85,25"
8988827066,True,"25,14,41,27,35","20,44,88,30,55"
8988827060,True,"74,14,15,26,54","69,8,88,76,53"
8988827055,True,"35,54,68,7,64","106,32,6,14,119"
8988826966,True,"76,8,64,71,14","19,15,35,86,41"
8988826961,False,"84,98,31,138,22","79,25,14,121,114"
8988826886,True,"54,74,35,129,64","8,138,14,7,21"
8988826854,True,"23,14,55,84,56","21,76,54,42,121"
8988826845,True,"74,20,31,135,131","100,6,14,2,7"
8988826826,False,"54,87,2,26,25","80,73,107,86,123"
8988826814,False,"96,58,71,6,84","47,15,104,37,81"
8988826791,True,"18,90,98,31,6","56,42,36,11,103"
8988826788,True,"101,26,7,21,12","110,36,63,6,84"
8988826771,False,"84,76,71,48,6","14,106,1,121,42"
8988826727,False,"128,48,33,64,31","22,27,100,11,108"
8988826712,True,"88,93,11,85,108","123,107,18,84,2"
8988826710,True,"31,110,64,44,78","35,137,30,27,93"
8988826704,True,"35,8,21,31,38","88,22,56,14,55"
8988826698,False,"14,26,30,8,131","85,88,7,6,25"
8988826683,False,"93,86,14,51,17","40,89,15,26,33"
8988826649,True,"21,89,57,44,76","109,35,63,74,41"
8988826573,False,"38,70,14,81,20","26,71,128,8,84"
8988826556,False,"50,64,35,49,48","5,82,138,26,14"
8988826553,False,"2,48,9,10,101","86,54,104,62,102"
8988826544,False,"105,3,102,75,74","6,41,114,30,35"
8988826478,True,"36,120,138,39,68","5,111,7,15,48"
8988826448,True,"47,26,37,96,41","107,14,91,54,123"
8988826432,False,"42,64,45,76,95","84,19,26,106,60"
8988826423,False,"9,1,27,86,25","16,54,2,20,22"
8988826415,False,"20,3,14,57,155","84,63,74,97,60"
8988826395,False,"109,47,40,129,63","4,123,95,103,10"
8988826390,True,"72,93,18,44,128","21,137,113,14,74"
8988826321,False,"23,98,84,11,62","106,31,83,45,18"
8988826312,False,"9,105,8,85,54","22,11,14,71,7"
8988826258,False,"9,28,12,31,11","2,63,33,51,44"
8988826192,True,"2,30,108,74,6","54,155,14,15,107"
8988826185,False,"74,63,40,7,95","41,9,99,30,14"
8988826181,True,"67,3,9,26,20","37,40,55,112,49"
8988826179,True,"100,84,35,6,21","1,37,106,75,71"
8988826161,False,"39,20,25,19,44","48,42,111,67,75"
8988826156,False,"111,37,15,22,6","18,53,106,90,12"
8988826142,False,"64,18,42,68,86","74,44,80,137,136"
8988826135,True,"104,20,110,88,34","15,84,11,18,102"
8988826089,True,"5,105,97,67,32","35,11,85,25,123"
8988826065,True,"85,74,8,27,99","30,54,14,114,121"
8988826062,True,"90,12,14,99,63","7,23,11,54,93"
8988826018,False,"35,98,138,87,34","119,9,67,14,84"
8988825976,True,"69,104,96,35,11","74,67,52,93,25"
8988825975,True,"27,100,53,42,75","114,7,32,94,35"
8988825940,False,"99,22,101,48,37","6,62,64,59,106"
8988825908,True,"20,75,62,21,78","18,114,22,27,11"
8988825891,True,"88,106,76,20,64","126,19,25,75,7"
8988825888,True,"14,100,123,67,86","5,11,41,108,22"
8988825761,False,"63,120,96,64,26","35,45,15,106,76"
8988825748,True,"38,105,54,106,48","2,98,96,8,114"
8988825736,True,"29,35,76,20,14","53,50,18,47,7"
8988825735,True,"106,75,123,69,109","11,17,85,27,42"
8988825734,False,"11,30,6,123,28","74,27,135,35,86"
8988825714,True,"76,12,64,7,97","5,8,11,91,81"
8988825694,True,"43,14,44,7,36","87,110,63,99,108"
8988825631,False,"25,44,111,15,31","119,64,40,29,11"
8988825629,True,"81,105,106,86,68","34,47,20,42,101"
8988825626,False,"99,86,70,39,27","9,56,26,54,85"
8988825518,False,"101,4,111,47,23","104,114,42,36,43"
8988825494,True,"22,36,14,18,84","85,90,11,28,21"
8988825385,True,"91,33,101,67,35","128,54,90,26,29"
8988825364,True,"48,91,42,131,71","69,93,119,14,11"
8988825327,False,"67,126,26,120,74","25,85,4,18,42"
8988825307,True,"41,64,3,55,31","71,105,59,14,94"
8988825294,False,"14,108,6,74,5","84,32,30,60,8"
8988825275,False,"54,101,68,16,74","25,48,45,86,49"
8988825262,False,"68,47,93,95,22","101,42,30,41,26"
8988825261,False,"135,47,9,86,75","44,87,39,100,29"
8988825241,True,"2,36,8,45,128","16,84,63,9,25"
8988825175,True,"74,67,39,20,35","26,14,73,53,138"
8988825173,True,"36,38,14,84,70","85,101,98,22,48"
8988825152,True,"101,84,16,8,85","93,112,14,21,126"
8988825119,True,"107,89,109,30,35","120,155,101,45,87"
8988825096,True,"128,64,46,137,113","25,106,12,37,135"
8988825025,True,"14,57,95,75,7","18,86,30,10,100"
8988825022,True,"95,17,14,20,22","12,48,101,138,44"
8988824998,False,"54,94,58,97,33","110,131,42,128,40"
8988824997,True,"71,26,8,25,3","86,54,9,14,129"
8988824972,True,"42,41,71,111,74","123,30,8,79,86"
8988824928,True,"90,111,28,0,57","99,43,64,20,6"
8988824921,True,"93,85,49,71,31","28,14,98,67,101"
8988824914,True,"128,1,84,45,68","96,6,101,74,102"
8988824899,True,"101,1,49,7,9","119,6,57,91,52"
8988824882,True,"6,128,84,68,19","44,85,22,97,86"
8988824879,True,"14,86,104,62,56","48,2,5,85,25"
8988824871,True,"19,15,37,25,61","83,109,58,14,28"
8988824849,True,"54,62,25,128,41","29,105,28,91,39"
8988824828,True,"14,62,18,25,7","36,103,9,2,6"
8988824776,False,"101,28,76,83,44","6,11,85,9,81"
8988824753,True,"25,54,71,101,75","63,34,60,108,22"
8988824708,True,"14,68,106,12,38","17,27,60,123,109"
8988824701,False,"73,11,26,20,60","104,31,53,25,1"
8988824667,False,"43,111,31,16,4","5,89,95,35,7"
8988824665,True,"86,114,56,93,103","81,89,20,11,5"
8988824655,False,"109,71,105,93,2","6,74,104,101,7"
8988824654,False,"74,54,13,85,86","53,90,100,62,20"
8988824653,False,"62,101,98,25,14","128,11,86,58,92"
8988824634,True,"92,62,11,84,70","44,97,7,30,113"
8988824599,False,"21,101,41,53,11","126,36,119,12,25"
8988824532,False,"111,89,100,9,69","86,59,64,112,102"
8988824518,True,"87,21,137,11,74","1,128,110,9,96"
8988824507,True,"84,5,110,35,44","86,42,53,11,71"
8988824482,False,"26,73,37,35,18","36,6,84,43,99"
8988824481,True,"39,85,114,86,101","5,8,84,108,17"
8988824475,False,"138,87,81,34,31","30,107,75,32,25"
8988824459,False,"28,40,8,86,71","9,52,75,2,54"
8988824441,True,"40,57,22,8,64","9,25,26,48,16"
8988824437,False,"86,95,80,73,41","105,68,129,31,12"
8988824429,False,"98,58,97,15,21","25,50,14,79,44"
8988824389,True,"41,100,17,93,112","71,36,5,6,90"
8988824340,True,"22,30,14,137,11","97,100,74,63,86"
8988824335,True,"55,74,28,100,11","20,93,131,108,26"
8988824331,True,"14,8,114,138,87","135,59,53,44,26"
8988824314,True,"45,12,97,53,14","93,83,36,88,39"
8988824279,True,"86,12,30,138,19","38,78,5,137,74"
8988824218,True,"63,14,25,84,69","9,82,67,30,55"
8988824191,False,"21,15,11,111,4","114,64,93,123,25"
8988824190,False,"57,31,36,18,3","92,101,90,59,138"
8988824108,True,"11,106,20,85,88","84,30,112,16,53"
8988824100,False,"74,53,5,93,97","47,40,58,9,11"
8988824096,True,"92,53,135,35,123","70,31,27,69,59"
8988824089,True,"62,33,86,41,137","56,69,126,108,5"
8988824068,True,"61,89,1,6,82","81,20,34,92,28"
8988824049,True,"72,48,14,101,2","11,84,21,49,67"
8988824045,True,"7,8,64,26,128","43,72,129,33,23"
8988824029,True,"21,108,113,71,7","2,107,30,44,55"
8988823998,True,"25,6,21,91,107","83,85,119,9,1"
8988823952,False,"20,60,17,121,145","88,126,97,41,19"
8988823948,False,"14,8,62,2,72","107,85,121,54,74"
8988823925,True,"69,102,44,84,105","36,4,56,14,53"
8988823900,True,"18,42,79,108,7","93,70,11,30,35"
8988823871,True,"20,42,72,64,126","35,97,26,19,63"
8988823868,False,"145,54,16,75,95","90,48,8,9,14"
8988823866,True,"22,5,42,56,21","54,2,106,8,3"
8988823850,True,"83,74,20,34,84","32,66,16,40,5"
8988823843,False,"64,71,52,6,88","7,31,8,99,39"
8988823840,False,"71,85,28,38,11","6,22,26,36,14"
8988823756,True,"88,48,29,7,35","96,42,31,68,39"
8988823753,True,"74,64,93,97,86","26,62,44,27,21"
8988823721,True,"9,1,74,14,92","69,100,128,52,46"
8988823716,True,"44,21,25,120,26","49,91,93,31,121"
8988823697,True,"119,59,106,83,53","108,86,54,3,25"
8988823687,False,"128,28,50,88,109","60,85,119,54,25"
8988823677,True,"27,44,21,22,69","84,90,80,53,75"
8988823676,True,"21,85,2,128,6","135,19,9,111,67"
8988823657,False,"97,84,25,111,145","39,2,92,74,51"
8988823632,False,"5,84,18,106,63","62,104,12,93,83"
8988823626,False,"19,137,112,9,129","57,101,135,87,70"
8988823608,True,"128,6,104,90,22","103,97,107,11,131"
8988823604,False,"5,112,1,29,21","14,48,32,15,79"
8988823582,False,"67,64,112,4,37","85,57,145,36,123"
8988823578,False,"47,35,25,84,41","22,74,14,136,60"
8988823564,True,"1,45,84,75,126","71,114,2,86,17"
8988823532,True,"21,74,96,5,41","8,73,2,14,84"
8988823513,True,"27,20,56,138,71","94,33,88,54,39"
8988823438,True,"19,56,71,109,16","40,138,137,108,22"
8988823434,False,"44,21,73,88,9","40,53,104,84,36"
8988823427,True,"75,5,6,54,34","47,8,84,49,11"
8988823414,False,"25,63,90,104,40","131,135,128,29,46"
8988823385,True,"26,28,22,54,121","39,20,56,93,84"
8988823368,True,"55,20,30,86,68","59,106,71,5,44"
8988823343,True,"86,100,84,72,47","88,108,75,123,67"
8988823328,True,"63,121,74,2,14","44,29,97,123,93"
8988823320,True,"42,70,23,86,85","8,9,113,45,93"
8988823241,True,"11,21,25,27,84","60,26,63,7,36"
8988823221,False,"23,14,94,85,18","22,10,2,35,12"
8988823210,True,"9,55,70,30,33","45,37,47,109,26"
8988823208,True,"55,44,123,52,9","16,11,119,112,92"
8988823157,False,"6,43,3,42,14","26,35,27,90,5"
8988823122,True,"7,107,26,36,135","86,6,145,42,103"
8988823073,True,"22,81,17,38,7","15,111,48,20,35"
8988823067,True,"88,129,93,51,86","54,101,100,47,14"
8988823063,True,"108,20,37,47,21","106,42,112,85,44"
8988823060,False,"28,36,68,54,107","9,80,27,145,92"
8988823039,True,"19,14,5,26,41","22,106,126,35,12"
8988823038,True,"8,111,7,14,15","78,40,30,11,48"
8988823033,True,"93,64,86,74,2","8,108,5,71,11"
8988823019,True,"21,108,26,4,104","18,15,86,100,84"
8988823011,False,"21,2,26,93,106","11,53,29,86,14"
8988822976,False,"20,114,84,101,14","1,32,96,86,74"
8988822958,True,"71,101,44,102,84","9,54,135,106,30"
8988822906,True,"19,9,6,47,84","64,15,88,2,58"
8988822830,True,"131,81,145,20,47","22,128,44,33,86"
8988822814,True,"74,7,27,84,109","44,135,49,64,112"
8988822813,True,"121,2,30,44,96","50,20,26,58,104"
8988822811,True,"119,4,42,35,83","27,17,145,26,136"
8988822791,True,"18,26,71,49,2","27,39,69,9,54"
8988822785,True,"21,23,135,44,136","34,81,1,54,61"
8988822763,True,"7,53,119,60,123","62,112,135,2,10"
8988822759,False,"98,6,14,75,62","67,9,17,1,5"
8988822743,False,"35,104,44,64,27","7,108,43,56,1"
8988822738,True,"81,35,85,114,0","42,37,64,22,44"
8988822732,False,"7,76,21,86,135","107,53,9,119,120"
8988822729,True,"7,30,14,54,53","106,1,17,84,87"
8988822709,True,"126,51,86,93,36","91,31,19,11,84"
8988822648,True,"16,54,105,49,14","36,11,33,6,31"
8988822631,True,"5,76,73,54,119","74,86,71,37,8"
8988822599,False,"51,10,14,7,35","11,45,34,55,44"
8988822589,False,"99,42,14,26,16","93,30,155,91,35"
8988822574,True,"100,11,33,71,25","106,95,5,96,86"
8988822540,True,"80,93,85,83,104","51,56,96,112,110"
8988822483,False,"57,33,22,1,87","12,2,31,28,30"
8988822478,True,"107,101,44,26,35","36,19,85,31,121"
8988822455,True,"7,86,95,50,20","27,84,89,25,102"
8988822439,False,"101,63,14,59,18","20,29,4,55,121"
8988822426,True,"76,26,40,42,46","21,9,95,107,28"
8988822374,False,"11,119,15,74,100","73,145,55,47,121"
8988822372,True,"42,93,110,58,9","11,39,7,97,87"
8988822371,False,"26,14,48,35,7","9,98,44,126,87"
8988822351,True,"32,37,84,11,107","14,86,26,106,48"
8988822313,True,"84,32,58,35,21","28,44,26,126,9"
8988822308,False,"100,11,1,14,25","126,86,91,52,74"
8988822297,True,"108,35,20,63,34","26,79,126,48,2"
8988822271,False,"61,84,62,126,42","22,96,14,106,36"
8988822256,True,"9,1,14,71,137","44,84,104,74,123"
8988822238,True,"30,48,28,35,14","67,63,3,129,34"
8988822225,False,"28,46,14,48,75","26,53,9,85,83"
8988822220,True,"21,5,121,85,8","137,28,55,101,11"
8988822214,False,"14,21,84,101,93","2,110,8,7,39"
8988822202,True,"48,90,75,8,138","20,101,57,4,22"
8988822178,True,"42,8,93,68,88","1,35,9,74,136"
8988822159,False,"101,29,99,85,21","39,44,7,31,84"
8988822134,True,"59,33,112,42,86","36,20,44,30,29"
8988822063,False,"86,11,84,97,21","119,32,26,53,19"
8988822047,False,"54,51,9,126,85","84,86,33,56,35"
8988822028,True,"56,112,114,11,21","27,105,13,101,14"
8988822013,True,"41,84,37,105,78","22,32,6,52,23"
8988822011,False,"63,25,47,7,86","72,94,30,39,85"
8988822009,True,"75,29,20,57,48","27,9,76,95,85"
8988822003,True,"54,60,14,74,5","111,19,9,22,104"
8988821979,True,"25,10,106,90,85","35,49,32,36,31"
8988821976,False,"86,68,128,109,129","90,14,62,33,6"
8988821927,True,"54,7,104,75,121","106,84,101,79,19"
8988821844,False,"63,64,94,52,26","25,14,129,42,35"
8988821818,True,"27,48,113,100,76","86,96,14,56,78"
8988821816,False,"99,136,105,31,97","6,83,12,14,36"
8988821771,True,"35,40,92,84,48","54,53,14,22,86"
8988821769,True,"75,120,85,14,47","57,73,93,105,106"
8988821732,True,"137,63,9,30,54","26,25,77,56,22"
8988821658,False,"101,95,28,21,119","87,107,106,86,10"
8988821628,True,"104,74,68,35,22","63,52,87,67,41"
8988821602,False,"20,41,36,51,73","14,69,67,37,88"
8988821592,True,"145,30,109,100,67","36,51,26,85,44"
8988821580,True,"5,25,44,16,22","11,98,30,97,32"
8988821552,True,"108,5,40,18,25","56,93,47,9,102"
8988821539,True,"20,135,121,54,76","108,90,8,14,33"
8988821523,False,"42,36,67,22,5","12,16,123,17,110"
8988821522,True,"62,44,53,35,129","51,97,42,91,131"
8988821513,False,"31,21,98,30,54","35,5,19,71,42"
8988821503,False,"101,68,59,8,14","28,86,93,5,53"
8988821491,True,"36,74,85,27,4","90,14,57,6,17"
8988821480,True,"32,11,51,21,42","14,22,6,107,137"
8988821458,True,"9,43,56,96,81","90,45,20,25,49"
8988821452,True,"75,108,64,8,106","7,9,30,25,11"
8988821442,False,"30,29,26,47,6","8,2,37,35,31"
8988821394,True,"31,97,91,136,3","59,121,96,123,8"
8988821392,True,"107,74,42,75,54","50,51,85,20,11"
8988821383,False,"101,126,96,9,25","75,112,14,46,44"
8988821360,False,"50,5,69,6,74","25,12,85,35,100"
8988821356,True,"101,18,68,13,59","21,36,99,20,44"
8988821354,True,"128,73,119,123,96","9,99,109,74,138"
8988821339,True,"25,135,48,66,62","114,26,86,46,28"
8988821323,True,"88,93,25,14,114","40,5,20,75,47"
8988821320,False,"23,74,54,111,2","68,14,6,7,28"
8988821285,True,"10,123,29,21,30","98,107,131,20,76"
8988821261,True,"20,64,55,39,19","82,84,71,18,112"
8988821246,True,"23,131,49,123,1","64,2,22,107,48"
8988821238,False,"28,104,18,91,11","46,75,69,37,35"
8988821235,True,"11,70,84,5,19","53,107,74,14,44"
8988821212,True,"108,49,53,64,4","101,6,50,99,35"
8988821204,False,"44,32,81,75,30","68,100,64,59,1"
8988821178,True,"19,26,12,97,112","37,123,9,31,120"
8988821161,True,"38,62,8,106,5","36,87,14,11,55"
8988821140,True,"30,107,4,88,67","7,44,35,26,74"
8988821112,False,"9,45,49,53,155","136,100,145,91,42"
8988821096,True,"101,71,7,6,9","105,25,86,137,93"
8988821088,False,"6,88,36,7,35","2,54,22,86,47"
8988821086,True,"106,18,19,20,12","91,35,28,22,119"
8988821084,False,"78,38,45,121,69","102,14,74,111,90"
8988821018,False,"104,6,41,86,64","22,44,68,9,56"
8988820998,True,"97,8,45,126,131","114,60,88,41,74"
8988820991,True,"84,107,68,16,36","70,96,75,35,101"
8988820990,False,"103,108,8,5,25","36,26,38,90,136"
8988820877,True,"8,21,86,40,25","71,110,29,18,20"
8988820873,False,"9,25,36,54,27","106,103,48,120,40"
8988820872,True,"55,87,18,59,56","14,74,83,114,131"
8988820863,True,"31,135,6,13,26","14,123,57,5,11"
8988820842,False,"21,2,35,62,93","61,26,60,40,54"
8988820836,True,"25,2,87,42,136","75,69,107,86,6"
8988820815,False,"14,74,107,112,101","44,13,33,7,85"
8988820811,True,"64,10,87,47,16","71,119,8,3,54"
8988820791,False,"59,136,105,121,26","129,82,34,5,36"
8988820790,True,"37,14,2,40,8","74,22,135,26,44"
8988820788,True,"6,22,14,71,36","82,97,86,106,56"
8988820786,False,"100,56,120,71,33","119,27,8,35,2"
8988820780,False,"37,35,99,59,27","84,60,30,54,121"
8988820779,True,"40,100,28,54,113","45,7,84,14,30"
8988820735,True,"27,98,86,49,14","53,9,128,97,93"
8988820725,False,"100,32,25,33,75","55,84,22,41,2"
8988820706,False,"73,28,101,97,29","8,102,74,26,14"
8988820698,True,"107,21,18,7,43","42,31,8,25,123"
8988820658,False,"11,20,54,5,84","123,42,37,6,35"
8988820643,True,"11,53,44,7,14","73,63,54,99,86"
8988820635,True,"1,83,39,64,48","7,111,2,9,6"
8988820632,True,"54,36,7,128,62","12,123,74,29,22"
8988820618,False,"12,79,131,14,74","49,4,63,11,82"
8988820590,True,"68,107,7,54,90","2,1,76,64,9"
8988820588,True,"44,58,19,27,76","8,29,5,46,92"
8988820583,True,"90,101,20,62,42","69,8,7,45,9"
8988820575,True,"85,63,22,35,110","9,131,19,77,114"
8988820569,False,"44,31,96,88,98","21,135,26,43,1"
8988820554,True,"71,87,4,88,74","35,1,128,100,54"
8988820551,False,"30,101,3,26,110","86,40,14,84,93"
8988820519,True,"84,86,81,25,11","88,76,108,54,31"
8988820515,False,"48,28,75,93,47","20,67,81,21,84"
8988820489,False,"26,62,9,71,93","19,86,15,145,35"
8988820469,False,"64,11,93,9,40","35,41,59,5,85"
8988820459,False,"12,40,7,1,74","20,63,25,26,104"
8988820458,True,"84,100,11,126,14","73,10,38,53,70"
8988820443,False,"97,71,26,9,95","84,1,107,85,62"
8988820441,False,"136,47,30,106,69","121,93,67,2,9"
8988820431,True,"53,81,101,55,108","36,35,12,68,155"
8988820430,False,"6,30,41,14,128","105,35,88,40,19"
8988820417,False,"84,63,5,106,23","9,76,32,36,86"
8988820408,False,"71,50,39,14,56","69,59,25,47,101"
8988820397,False,"90,11,53,48,33","49,22,26,81,101"
8988820386,False,"64,74,97,112,1","6,36,105,84,62"
8988820347,False,"121,6,83,14,107","7,23,123,136,8"
8988820338,False,"105,87,5,6,129","106,86,100,44,57"
8988820320,False,"85,28,56,54,58","119,10,25,42,86"
8988820298,True,"98,100,8,10,20","2,86,36,67,53"
8988820254,False,"17,15,31,28,14","5,69,128,70,105"
8988820235,True,"86,74,7,109,14","28,119,111,6,35"
8988820221,True,"22,86,37,80,42","79,93,23,6,101"
8988820219,True,"123,105,96,64,8","31,97,6,22,109"
8988820198,True,"75,14,71,2,93","18,17,86,108,26"
8988820189,True,"43,106,97,20,100","8,101,35,135,83"
8988820171,True,"73,14,85,41,30","26,97,35,54,49"
8988820155,True,"123,20,69,40,120","32,51,42,39,27"
8988820154,False,"26,54,4,47,64","112,44,29,14,121"
8988820127,False,"17,86,85,26,8","96,9,19,75,6"
8988820123,False,"105,84,2,34,6","14,3,29,5,11"
8988820118,True,"128,11,9,75,84","17,121,85,123,54"
8988820116,True,"112,100,63,108,9","25,93,90,49,15"
8988820098,False,"72,145,64,135,26","85,17,108,29,63"
8988820095,True,"62,75,28,10,14","71,20,108,9,106"
8988820094,True,"75,30,63,15,101","86,26,78,8,35"
8988820066,False,"49,26,44,75,71","40,83,14,109,74"
8988820061,False,"10,100,86,8,14","74,22,71,18,99"
8988820057,True,"59,35,104,86,40","14,26,123,108,44"
8988820041,True,"41,2,97,30,91","45,38,27,106,129"
8988820031,False,"31,36,75,12,20","7,145,59,50,85"
8988820015,True,"138,31,84,41,44","129,9,93,27,62"
8988820000,True,"75,96,86,109,59","7,26,29,25,8"
8988819997,True,"9,8,26,36,108","6,64,86,59,29"
8988819990,True,"86,22,9,44,71","17,11,7,97,84"
8988819970,False,"54,35,55,84,40","29,76,36,1,86"
8988819953,False,"62,26,135,126,18","29,50,109,74,14"
8988819952,False,"28,93,14,40,74","4,33,103,37,88"
8988819944,True,"54,110,35,84,2","11,12,108,30,26"
8988819943,True,"91,135,59,48,25","55,104,32,46,40"
8988819924,False,"97,14,35,48,21","36,40,47,20,89"
8988819922,True,"107,108,74,18,26","92,44,9,87,104"
8988819903,True,"136,35,102,10,135","27,14,20,70,6"
8988819900,True,"28,41,25,86,14","11,9,74,107,39"
8988819879,False,"71,18,36,84,69","74,41,5,27,7"
8988819877,False,"131,35,62,29,18","96,44,9,112,14"
8988819873,True,"107,54,31,101,28","16,11,86,119,59"
8988819846,False,"51,64,32,35,97","71,86,2,74,41"
8988819845,True,"28,128,86,8,26","67,33,111,7,29"
8988819842,True,"84,85,32,65,35","114,41,62,31,23"
8988819839,True,"35,67,55,113,103","129,30,8,101,64"
8988819816,True,"85,26,15,49,54","107,2,11,74,128"
8988819796,True,"5,81,25,11,85","43,101,3,60,6"
8988819747,True,"55,44,30,7,28","96,84,35,107,21"
8988819746,False,"88,28,53,31,8","106,44,96,14,22"
8988819743,True,"62,138,2,11,5","13,15,9,84,20"
8988819741,True,"110,104,25,101,41","96,1,84,16,26"
8988819740,False,"25,7,9,27,26","86,11,22,111,10"
8988819729,False,"7,6,76,14,88","84,108,80,86,74"
8988819708,False,"71,114,62,25,40","96,131,8,13,112"
8988819706,True,"42,86,76,30,81","106,10,7,64,14"
8988819684,True,"26,14,106,36,136","6,21,101,2,76"
8988819674,False,"28,30,129,93,86","7,6,60,36,26"
8988819666,True,"14,26,64,102,44","42,33,25,128,85"
8988819647,True,"17,21,9,71,54","48,11,75,88,108"
8988819619,False,"11,61,36,69,38","22,108,101,44,40"
8988819586,True,"55,93,39,107,31","15,4,88,86,29"
8988819576,False,"26,72,4,64,53","129,44,52,62,91"
8988819527,True,"21,128,86,2,74","110,4,68,69,35"
8988819506,False,"114,9,11,106,1","19,14,107,123,102"
8988819504,True,"16,11,74,123,26","96,30,80,128,84"
8988819480,True,"14,36,64,21,29","155,138,78,68,9"
8988819476,True,"75,80,108,64,15","28,54,26,30,104"
8988819453,True,"20,14,74,44,86","72,59,92,100,26"
8988819429,True,"14,16,104,7,18","49,26,112,20,74"
8988819395,True,"1,96,46,86,72","30,123,22,15,74"
8988819391,True,"25,121,74,135,21","1,101,145,119,98"
8988819339,True,"110,107,54,123,114","27,8,85,59,135"
8988819331,False,"34,107,86,54,20","10,88,135,84,3"
8988819313,True,"41,26,42,36,86","52,8,27,2,39"
8988819310,False,"15,11,88,96,73","54,14,98,75,5"
8988819307,True,"9,35,14,30,11","86,121,8,93,63"
8988819289,True,"105,82,11,2,21","20,30,76,58,69"
8988819264,False,"48,57,21,93,32","97,30,12,131,5"
8988819261,False,"49,100,34,84,135","74,47,123,55,12"
8988819259,True,"2,35,69,41,87","84,9,48,36,85"
8988819241,True,"35,14,25,64,45","121,97,47,48,32"
8988819198,True,"85,86,93,42,14","22,71,36,54,84"
8988819193,True,"85,36,74,67,51","84,5,71,42,48"
8988819166,True,"88,2,64,52,44","18,23,34,21,58"
8988819134,False,"104,13,64,67,87","25,26,54,30,108"
8988819129,True,"86,97,11,17,27","38,64,12,20,25"
8988819109,True,"44,68,104,39,88","91,73,34,69,48"
8988819107,False,"85,17,9,12,31","2,93,32,88,45"
8988819099,True,"135,9,54,5,74","83,123,48,13,42"
8988819075,False,"32,97,128,18,155","14,41,5,103,75"
8988819058,False,"75,30,110,4,71","40,74,101,10,105"
8988819054,True,"35,25,9,7,96","102,42,86,74,72"
8988819027,True,"53,86,60,101,90","81,36,128,52,9"
8988819026,False,"57,107,105,63,84","85,73,37,10,4"
8988819021,True,"62,135,82,55,91","21,8,123,80,85"
8988819005,True,"85,14,97,93,26","22,96,64,91,70"
8988818983,True,"43,8,64,137,119","138,83,36,86,14"
8988818973,False,"137,76,84,49,37","11,3,27,2,67"
8988818962,True,"40,48,62,90,34","22,97,145,26,41"
8988818951,True,"11,135,19,40,145","69,121,68,74,44"
8988818949,False,"136,25,123,2,1","119,5,48,49,96"
8988818935,False,"21,106,123,97,120","91,72,28,26,32"
8988818925,False,"74,104,62,145,7","114,64,35,28,71"
8988818891,True,"86,25,44,21,31","110,20,84,54,96"
8988818853,False,"72,96,5,71,93","20,1,121,90,123"
8988818851,False,"9,84,120,40,11","12,71,101,128,33"
8988818830,True,"10,86,128,75,19","61,21,90,39,46"
8988818827,False,"26,22,93,54,106","109,74,129,87,119"
8988818821,False,"5,84,88,28,67","97,51,30,18,39"
8988818806,False,"81,4,135,14,48","30,36,99,22,86"
8988818762,False,"5,30,69,6,23","76,7,106,9,88"
8988818757,False,"72,44,40,27,14","23,30,54,84,48"
8988818755,True,"90,45,14,5,41","128,108,114,35,26"
8988818730,False,"21,23,26,8,36","9,113,22,25,119"
8988818728,False,"8,5,47,21,51","14,74,131,28,54"
8988818720,True,"2,7,86,75,93","114,25,12,97,71"
8988818691,False,"41,15,111,106,75","135,84,74,35,54"
8988818664,True,"31,87,8,7,108","128,92,5,1,75"
8988818624,True,"62,30,55,11,74","123,28,106,46,100"
8988818603,True,"52,50,2,48,62","5,93,14,8,71"
8988818587,True,"85,44,123,11,135","86,114,107,90,54"
8988818573,True,"71,67,27,17,9","18,53,39,55,14"
8988818565,False,"10,85,14,96,68","71,33,155,131,91"
8988818548,True,"93,86,104,33,74","55,54,34,72,64"
8988818546,False,"135,35,74,48,2","46,106,108,87,9"
8988818535,True,"137,64,76,135,59","89,70,72,4,77"
8988818527,True,"51,35,86,48,2","42,29,8,101,9"
8988818516,False,"71,86,22,97,23","131,93,51,9,14"
8988818498,True,"84,15,21,23,5","75,128,14,76,18"
8988818496,True,"107,14,74,10,96","86,85,63,27,114"
8988818481,True,"14,112,106,8,50","84,46,104,22,101"
8988818470,False,"145,8,101,27,10","97,34,90,7,109"
8988818460,True,"12,15,110,35,64","9,54,11,71,111"
8988818443,True,"17,11,40,91,47","97,22,74,67,83"
8988818440,True,"97,25,55,74,86","137,50,71,35,1"
8988818435,False,"7,30,101,35,8","53,18,107,63,112"
8988818428,True,"13,69,11,75,123","39,8,2,14,101"
8988818373,False,"81,25,31,41,74","76,14,7,58,21"
8988818356,True,"47,35,97,49,14","74,45,3,121,109"
8988818350,False,"47,8,22,65,14","84,121,44,21,11"
8988818329,False,"69,11,40,85,86","14,17,7,6,55"
8988818306,False,"123,35,37,18,96","105,8,135,74,85"
8988818277,False,"105,61,109,98,51","128,33,101,54,84"
8988818271,True,"31,82,41,45,90","123,101,99,74,27"
8988818237,True,"2,8,14,5,4","42,31,39,6,97"
8988818230,True,"53,70,30,74,85","87,26,14,100,109"
8988818211,False,"15,62,53,34,16","1,14,84,22,47"
8988818183,False,"26,119,60,48,102","20,44,35,97,104"
8988818179,True,"17,41,64,105,80","14,137,38,136,28"
8988818177,True,"23,80,9,107,76","100,11,91,42,21"
8988818158,False,"35,49,4,31,21","81,91,11,90,86"
8988818156,True,"145,114,21,64,135","33,53,1,11,85"
8988818138,True,"1,31,14,81,21","105,110,100,101,104"
8988818135,True,"35,20,97,72,47","84,94,100,2,58"
8988818131,False,"108,48,19,9,14","8,2,105,95,50"
8988818129,False,"86,27,69,74,8","93,31,35,22,2"
8988818122,False,"63,75,74,41,20","67,11,84,88,37"
8988818109,True,"34,97,103,41,64","121,67,110,2,39"
8988818103,True,"74,84,25,85,54","22,33,86,14,44"
8988818092,False,"22,4,89,41,26","21,52,9,32,99"
8988818055,True,"75,62,48,80,135","11,55,12,112,123"
8988818054,True,"35,86,41,9,21","123,129,11,101,52"
8988818050,False,"27,29,54,2,23","104,123,41,35,76"
8988818048,False,"29,112,71,94,25","10,3,91,38,1"
8988818026,False,"26,58,128,67,98","30,28,62,4,11"
8988818012,False,"17,76,15,128,71","40,53,11,14,114"
8988818006,True,"16,74,9,31,71","105,11,6,98,2"
8988818004,True,"106,60,18,14,71","7,49,12,111,64"
8988817988,True,"53,97,63,35,64","37,111,42,51,86"
8988817987,False,"44,40,33,23,85","20,71,22,56,2"
8988817972,False,"76,5,66,34,44","8,35,22,97,64"
8988817961,False,"126,68,74,11,84","71,55,86,22,20"
8988817927,False,"75,128,109,7,39","67,35,26,11,30"
8988817922,False,"12,62,39,85,21","18,27,84,7,113"
8988817907,True,"35,55,56,111,16","1,15,86,62,107"
8988817905,True,"11,37,29,44,102","22,6,26,126,84"
8988817897,False,"34,48,111,2,3","54,64,74,14,75"
8988817878,False,"35,41,75,108,16","5,2,8,131,36"
8988817868,False,"41,69,9,25,27","14,22,23,96,48"
8988817866,True,"4,20,119,15,72","56,97,21,3,64"
8988817863,False,"59,18,105,5,11","41,47,86,20,88"
8988817838,True,"14,71,131,36,35","18,110,76,87,7"
8988817832,True,"59,8,95,30,96","67,108,35,53,20"
8988817806,True,"93,36,9,2,45","108,54,76,5,85"
8988817803,False,"75,137,4,96,112","104,101,110,53,126"
8988817787,True,"8,93,90,86,42","121,101,79,33,36"
8988817776,True,"6,41,48,71,5","74,53,108,110,9"
8988817761,False,"22,84,105,11,76","16,18,26,85,42"
8988817757,True,"57,70,123,113,71","54,11,105,42,22"
8988817755,False,"96,112,84,12,14","8,87,74,55,26"
8988817753,False,"5,136,13,23,73","22,104,107,74,8"
8988817752,False,"97,26,86,107,35","79,72,106,67,74"
8988817749,False,"80,63,26,41,68","21,74,12,71,75"
8988817734,False,"80,21,27,22,14","26,74,93,15,84"
8988817713,True,"81,21,64,69,48","26,20,11,42,44"
8988817707,True,"85,7,108,35,72","45,22,2,84,21"
8988817705,True,"104,36,63,70,137","97,28,26,19,145"
8988817668,True,"106,108,99,35,27","9,111,121,36,17"
8988817660,True,"86,60,93,84,25","18,27,30,64,99"
8988817624,True,"74,26,21,15,84","73,14,8,5,108"
8988817613,False,"70,113,21,63,2","99,75,53,7,90"
8988817604,False,"20,45,35,27,85","131,5,104,106,1"
8988817587,False,"27,2,111,70,32","44,93,5,55,48"
8988817578,True,"86,22,35,41,96","36,8,64,9,16"
8988817576,False,"26,9,36,38,70","6,23,104,14,47"
8988817573,False,"1,33,120,26,9","5,48,45,81,97"
8988817572,False,"74,34,18,111,84","145,112,106,86,135"
8988817571,True,"54,27,9,7,78","20,32,35,108,12"
8988817556,False,"26,38,79,67,36","60,86,62,81,19"
8988817552,True,"129,112,84,32,49","45,104,21,74,8"
8988817533,True,"91,81,113,5,71","7,74,35,17,54"
8988817526,True,"42,9,126,11,84","48,8,99,38,26"
8988817524,True,"75,14,86,4,16","7,74,41,104,100"
8988817474,False,"26,81,104,128,74","9,20,11,4,97"
8988817432,True,"23,21,5,46,14","25,100,96,71,62"
8988817409,True,"9,74,88,84,1","112,6,4,96,128"
8988817401,False,"84,11,55,79,63","20,2,37,113,35"
8988817357,True,"11,70,104,74,123","25,28,30,14,8"
8988817348,True,"2,27,8,20,31","6,103,105,26,84"
8988817334,True,"36,1,119,85,25","100,6,21,42,31"
8988817290,True,"84,25,74,9,73","39,22,8,96,26"
8988817285,True,"136,131,11,9,96","54,106,80,74,84"
8988817282,True,"100,32,69,25,30","108,14,36,1,86"
8988817259,False,"12,64,39,59,68","26,53,22,2,155"
8988817252,True,"107,2,87,12,6","9,31,51,11,104"
8988817232,True,"7,74,75,93,42","104,101,126,121,67"
8988817217,False,"35,14,9,31,46","100,11,60,88,39"
8988817216,True,"71,84,11,8,3","87,2,40,93,36"
8988817189,True,"97,2,26,20,9","21,56,18,34,14"
8988817178,True,"67,37,10,62,14","2,35,119,84,22"
8988817165,False,"85,22,12,49,42","88,39,81,112,129"
8988817156,False,"20,14,19,111,36","84,33,22,6,135"
8988817139,False,"60,128,74,53,97","123,54,45,84,120"
8988817138,True,"30,109,106,123,108","44,101,28,128,105"
8988817137,False,"85,47,109,135,121","74,136,50,48,42"
8988817122,True,"21,74,14,8,22","86,97,12,51,106"
8988817115,True,"54,49,5,23,9","25,131,30,98,53"
8988817104,False,"25,75,86,107,23","96,100,138,13,123"
8988817084,True,"105,112,99,12,106","29,21,18,101,30"
8988817081,False,"93,60,84,126,123","26,8,4,108,45"
8988817077,False,"64,43,2,54,36","15,48,14,86,107"
8988817074,True,"21,49,12,123,100","3,135,8,39,112"
8988817043,True,"83,20,69,90,37","35,81,93,74,86"
8988817041,False,"71,8,53,101,16","105,45,2,21,54"
8988817038,False,"135,80,30,20,131","33,84,11,50,76"
8988817032,False,"46,137,90,86,97","75,18,9,25,35"
8988817020,True,"9,32,39,35,85","83,52,36,93,8"
8988816964,False,"11,108,45,17,71","14,119,5,102,25"
8988816953,True,"101,26,1,136,99","21,76,36,25,8"
8988816928,True,"119,67,113,32,5","35,84,9,136,93"
8988816922,True,"74,70,60,7,84","97,62,108,67,105"
8988816917,False,"26,44,13,6,71","80,2,107,54,121"
8988816914,True,"28,9,86,32,11","55,48,47,14,31"
8988816868,False,"5,9,60,12,98","56,83,108,14,25"
8988816846,True,"90,91,8,108,40","14,93,35,120,123"
8988816843,True,"2,14,53,64,35","41,106,71,74,11"
8988816834,True,"1,36,128,84,21","16,20,73,27,88"
8988816830,True,"21,135,86,121,54","11,2,39,74,26"
8988816812,True,"123,85,48,74,108","136,73,61,107,27"
8988816811,True,"73,7,74,84,112","138,71,11,96,35"
8988816806,False,"123,29,111,21,67","20,108,86,7,11"
8988816805,True,"44,47,17,26,84","86,27,6,13,18"
8988816778,True,"23,68,86,44,84","75,73,36,6,30"
8988816765,False,"2,8,128,22,47","105,96,1,11,123"
8988816750,False,"36,86,40,6,96","18,54,97,112,51"
8988816742,False,"110,17,2,20,123","106,42,8,22,45"
8988816717,False,"121,48,87,64,42","104,27,30,74,89"
8988816653,True,"5,6,45,135,8","62,21,75,36,44"
8988816650,False,"84,35,19,53,51","55,22,64,128,41"
8988816649,True,"54,29,22,106,21","7,67,96,17,86"
8988816648,False,"74,15,44,9,20","29,119,83,93,70"
8988816627,True,"11,30,86,85,44","80,35,2,68,58"
8988816617,False,"85,11,44,14,20","27,48,17,66,84"
8988816611,False,"54,20,26,97,74","29,71,41,25,62"
8988816600,True,"111,1,34,84,87","8,74,86,14,22"
8988816586,False,"76,12,108,68,27","8,28,106,5,85"
8988816570,True,"47,23,14,99,84","8,20,48,9,64"
8988816540,False,"62,20,42,63,101","69,84,54,37,145"
8988816513,False,"26,28,42,8,68","29,22,44,64,11"
8988816512,False,"94,30,36,75,126","7,88,12,62,28"
8988816485,False,"86,28,22,74,54","30,49,50,8,5"
8988816476,True,"114,136,42,5,75","53,29,14,119,8"
8988816474,True,"84,20,8,60,25","48,101,40,36,81"
8988816473,True,"26,104,82,48,83","74,27,63,135,114"
8988816464,False,"20,42,35,59,56","44,25,89,97,47"
8988816462,False,"75,37,16,20,28","25,137,11,71,121"
8988816418,True,"39,93,62,47,65","119,68,42,14,63"
8988816408,True,"74,30,57,70,68","60,9,26,49,98"
8988816392,True,"155,102,109,21,126","94,76,26,68,120"
8988816390,True,"59,83,21,2,9","49,43,30,4,3"
8988816388,True,"38,44,35,26,62","135,87,109,14,7"
8988816386,True,"110,80,1,31,20","50,56,113,15,64"
8988816385,True,"6,85,25,64,54","84,9,81,74,123"
8988816366,False,"85,13,90,71,63","84,15,104,32,35"
8988816354,True,"53,26,87,112,96","16,6,84,106,59"
8988816352,True,"35,36,73,8,71","53,128,11,121,108"
8988816351,False,"86,128,90,32,93","46,136,27,74,85"
8988816317,False,"29,11,30,48,26","75,18,47,37,99"
8988816314,False,"2,1,107,71,155","42,68,93,19,73"
8988816310,True,"102,105,11,109,7","93,69,90,76,27"
8988816307,False,"40,71,26,35,31","105,20,47,27,21"
8988816301,True,"11,7,9,97,71","105,138,135,5,25"
8988816300,False,"74,109,29,97,7","86,9,1,84,11"
8988816274,False,"137,121,9,36,114","11,100,107,86,108"
8988816247,False,"27,14,8,86,106","135,11,26,20,1"
8988816242,True,"68,26,48,70,40","64,46,20,123,22"
8988816228,False,"72,8,21,86,37","40,54,36,135,84"
8988816227,False,"99,86,26,59,6","104,85,74,9,11"
8988816225,True,"11,21,40,14,2","74,88,84,1,36"
8988816209,True,"104,128,67,86,30","28,123,48,84,120"
8988816206,True,"14,11,6,53,41","105,27,18,86,97"
8988816204,False,"29,110,36,33,12","40,86,14,52,74"
8988816199,False,"53,34,4,87,129","100,36,74,51,63"
8988816190,True,"74,76,53,13,21","128,104,14,110,36"
8988816169,False,"26,8,81,22,34","14,41,104,60,11"
8988816150,False,"28,11,9,26,1","91,155,21,96,54"
8988816143,False,"39,105,129,30,70","42,14,53,74,25"
8988816131,True,"11,15,2,63,22","25,71,75,14,67"
8988816124,True,"88,36,126,121,18","30,14,44,84,2"
8988816123,True,"54,106,42,37,62","49,13,18,85,101"
8988816112,True,"44,26,30,15,36","2,87,35,1,68"
8988816098,True,"93,110,75,25,22","84,71,35,86,33"
8988816096,True,"76,79,35,54,62","36,94,84,86,61"
8988816094,True,"105,36,93,71,90","20,128,54,107,84"
8988816089,False,"74,75,121,1,26","86,42,44,33,62"
8988816064,True,"126,84,105,54,86","93,26,14,94,91"
8988816051,False,"109,21,83,14,17","74,129,113,67,11"
8988816044,True,"112,123,23,12,90","54,91,113,59,68"
8988816013,True,"26,8,71,25,39","21,68,28,9,145"
8988816011,True,"108,98,51,136,58","96,112,9,48,114"
8988816007,True,"86,48,85,74,123","69,8,37,121,21"
8988816001,False,"63,29,14,30,59","31,99,54,71,35"
8988816000,False,"67,101,11,108,128","30,8,26,43,69"
8988815999,False,"20,104,106,6,102","87,8,93,84,9"
8988815997,True,"55,27,114,14,6","98,107,2,91,93"
8988815991,True,"108,14,128,31,8","29,48,33,2,9"
8988815987,True,"36,9,105,129,35","54,101,102,31,30"
8988815966,True,"87,112,71,68,83","26,129,6,120,64"
8988815965,False,"128,50,53,8,47","20,75,43,2,105"
8988815950,False,"88,94,2,45,46","110,76,14,42,50"
8988815925,True,"11,86,74,14,82","8,111,126,108,20"
8988815897,False,"22,59,67,97,98","50,86,106,75,11"
8988815879,True,"6,85,84,38,74","121,81,12,101,34"
8988815872,True,"5,35,96,102,14","34,62,111,21,92"
8988815863,False,"65,54,7,12,83","100,41,44,11,90"
8988815846,False,"26,21,36,99,17","107,30,46,14,49"
8988815844,True,"25,26,9,42,8","7,22,54,104,108"
8988815837,True,"7,129,126,104,6","155,14,8,35,71"
8988815790,True,"104,74,41,64,79","35,19,96,22,59"
8988815787,True,"86,96,17,1,123","21,9,58,93,104"
8988815766,False,"105,114,35,119,2","7,30,97,63,36"
8988815761,False,"135,106,48,97,111","5,76,28,100,54"
8988815723,True,"11,49,5,64,86","68,30,8,85,120"
8988815719,False,"85,49,42,6,111","121,17,135,12,131"
8988815703,False,"71,6,76,2,83","40,31,64,8,129"
8988815694,False,"111,102,123,90,110","53,86,1,19,18"
8988815687,False,"85,120,25,39,93","71,44,76,99,123"
8988815675,False,"60,14,45,113,109","86,135,93,25,136"
8988815669,False,"2,5,37,74,41","69,110,14,54,119"
8988815666,True,"26,30,36,32,83","2,109,85,35,39"
8988815659,False,"74,108,97,25,6","8,12,36,7,26"
8988815616,False,"14,107,11,86,12","17,20,5,19,9"
8988815609,True,"14,75,110,8,74","60,128,6,25,5"
8988815597,True,"93,64,74,114,90","36,57,101,5,8"
8988815593,False,"111,39,1,36,8","47,112,84,56,23"
8988815589,False,"97,35,2,63,44","36,27,37,96,94"
8988815586,True,"21,83,26,28,76","29,72,20,119,1"
8988815577,True,"105,106,8,123,104","71,14,36,5,41"
8988815575,True,"93,84,73,27,91","110,55,28,8,105"
8988815566,False,"62,11,49,105,15","30,14,42,84,74"
8988815564,False,"22,15,104,43,64","71,62,18,29,84"
8988815561,False,"25,54,42,26,123","75,36,67,9,107"
8988815550,True,"84,21,35,53,108","64,72,14,71,32"
8988815548,True,"123,42,20,25,52","93,71,138,114,96"
8988815538,True,"106,50,79,77,48","21,86,14,80,5"
8988815530,True,"67,9,57,25,87","27,2,20,11,74"
8988815527,False,"29,9,101,70,87","81,20,14,76,94"
8988815508,True,"5,123,44,74,7","31,20,98,54,17"
8988815495,False,"64,35,138,45,14","74,20,41,123,84"
8988815491,True,"104,86,74,11,87","14,35,126,53,123"
8988815453,True,"82,91,110,29,93","71,97,14,44,5"
8988815448,True,"69,79,16,33,6","68,54,27,86,85"
8988815441,True,"9,109,84,52,119","10,36,63,26,94"
8988815413,False,"11,25,126,107,28","51,18,36,67,22"
8988815388,True,"71,14,36,88,80","44,40,86,76,15"
8988815377,False,"51,42,98,8,20","128,93,6,67,36"
8988815368,False,"75,74,69,18,76","64,120,2,62,41"
8988815367,True,"105,54,36,76,14","71,93,74,5,2"
8988815337,False,"30,41,22,138,119","14,67,50,86,128"
8988815336,True,"48,53,110,74,3","44,86,30,51,52"
8988815329,True,"15,52,75,2,23","86,64,99,9,48"
8988815318,False,"15,25,101,85,91","84,5,128,44,30"
8988815304,True,"109,3,7,2,81","68,145,55,1,31"
8988815301,True,"64,49,86,97,18","53,9,94,121,60"
8988815284,False,"31,120,27,86,104","7,47,41,15,26"
8988815275,False,"110,30,8,25,2","32,21,71,81,31"
8988815274,False,"35,84,68,86,60","42,14,76,55,26"
8988815268,True,"14,22,101,19,113","86,29,90,84,95"
8988815267,False,"31,39,62,36,8","71,55,91,74,100"
8988815266,True,"16,42,34,14,45","1,27,36,64,21"
8988815265,True,"22,54,27,42,101","35,105,97,74,85"
8988815262,True,"135,5,88,45,54","76,36,155,15,64"
8988815243,False,"16,25,8,7,101","75,31,60,44,36"
8988815240,True,"87,109,5,14,42","48,59,6,123,25"
8988815238,False,"10,87,79,42,19","76,41,1,32,27"
8988815236,False,"86,120,100,44,104","42,36,27,97,70"
8988815235,False,"97,11,32,14,1","30,101,22,71,20"
8988815221,False,"101,31,44,4,71","17,14,30,19,62"
8988815220,False,"7,53,39,20,71","35,82,8,84,14"
8988815219,True,"3,95,50,74,8","33,49,44,68,62"
8988815215,False,"137,14,7,102,11","46,74,101,44,9"
8988815212,True,"28,74,85,67,88","61,62,39,111,56"
8988815208,False,"9,14,76,11,74","87,8,108,86,155"
8988815205,True,"22,9,67,108,49","57,20,21,93,2"
8988815188,True,"108,11,8,40,74","71,20,88,68,14"
8988815185,True,"36,131,119,107,56","114,85,126,97,128"
8988815161,True,"25,31,54,43,62","26,29,74,93,27"
8988815157,True,"126,74,135,14,41","13,96,27,67,86"
8988815156,False,"14,41,49,100,53","80,106,71,55,86"
8988815143,True,"41,40,21,108,64","83,103,48,57,14"
8988815137,False,"2,62,90,1,14","8,74,6,49,91"
8988815136,False,"91,30,123,29,12","107,74,31,58,54"
8988815135,True,"8,104,131,11,87","90,3,60,54,13"
8988815115,True,"74,104,128,11,62","119,90,25,145,98"
8988815112,False,"26,22,54,35,73","64,9,14,17,6"
8988815106,True,"56,26,93,102,25","74,114,48,9,84"
8988815059,True,"70,84,11,112,104","54,88,39,31,16"
8988815054,True,"145,34,3,69,119","17,36,22,68,93"
8988815047,True,"41,21,126,86,35","25,29,27,37,8"
8988815040,False,"95,53,101,42,93","25,26,44,96,35"
8988815037,False,"61,69,6,5,26","86,74,136,27,1"
8988815016,False,"119,15,2,100,6","85,41,22,16,87"
8988815009,True,"56,71,67,35,74","101,41,128,7,5"
8988815004,False,"68,8,16,51,11","96,71,26,54,35"
8988815000,True,"8,36,22,96,68","106,26,84,54,18"
8988814999,True,"60,137,54,62,105","101,6,36,17,64"
8988814997,True,"84,78,18,106,119","42,68,109,108,123"
8988814996,False,"47,54,45,15,22","23,12,119,86,35"
8988814981,True,"4,88,72,1,14","22,29,110,90,12"
8988814978,True,"48,71,13,50,110","30,1,82,29,21"
8988814971,True,"58,39,54,71,81","22,18,87,108,128"
8988814964,True,"129,49,22,11,35","84,9,2,54,93"
8988814943,False,"26,32,54,96,87","63,22,46,85,21"
8988814934,False,"88,13,85,58,7","74,71,11,17,84"
8988814932,True,"108,119,67,35,90","60,85,8,113,33"
8988814913,True,"30,41,112,45,85","6,53,97,84,57"
8988814908,True,"14,74,26,128,46","87,86,98,8,41"
8988814897,False,"44,87,155,91,76","7,131,36,12,136"
8988814895,False,"26,54,30,90,28","85,36,110,92,17"
8988814880,False,"17,40,21,8,86","12,128,123,35,2"
8988814872,True,"71,14,47,27,70","9,85,135,106,62"
8988814864,True,"97,55,48,76,85","112,41,62,34,2"
8988814863,True,"104,67,74,121,86","30,138,60,100,26"
8988814850,False,"52,73,75,11,57","20,81,123,104,84"
8988814822,True,"67,129,31,39,16","155,75,36,44,102"
8988814819,False,"42,11,26,138,87","23,36,10,84,75"
8988814813,True,"74,47,58,14,138","77,68,128,35,30"
8988814809,False,"20,4,30,93,7","112,33,16,1,36"
8988814794,True,"84,42,22,17,57","96,102,74,11,35"
8988814791,True,"31,126,26,54,60","5,35,2,44,102"
8988814789,False,"96,63,52,67,84","32,120,97,94,27"
8988814771,True,"103,54,100,27,70","74,14,99,18,79"
8988814769,True,"62,107,100,135,49","119,35,94,108,14"
8988814751,True,"8,76,108,111,101","14,107,6,96,106"
8988814750,True,"83,98,123,25,8","11,99,1,103,14"
8988814748,False,"86,64,34,29,54","21,25,28,5,96"
8988814747,True,"14,136,44,18,73","19,155,99,80,7"
8988814746,False,"88,54,11,20,74","136,91,99,145,126"
8988814726,False,"30,22,63,45,13","21,37,33,7,114"
8988814724,True,"83,29,18,34,23","73,2,108,91,96"
8988814695,True,"7,68,90,131,36","135,123,14,25,53"
8988814692,True,"54,25,14,71,21","108,26,84,44,35"
8988814680,False,"129,110,6,74,9","121,44,26,71,27"
8988814679,True,"128,84,110,36,10","11,111,33,47,15"
8988814665,False,"49,37,8,20,47","14,64,44,22,42"
8988814655,True,"11,42,39,62,107","88,9,109,14,126"
8988814651,True,"17,14,55,8,40","128,123,97,6,108"
8988814650,False,"123,14,33,51,54","30,36,53,44,26"
8988814621,False,"42,75,31,2,44","22,128,25,26,119"
8988814587,True,"54,119,31,67,7","5,2,74,63,91"
8988814584,False,"4,84,91,21,2","22,27,14,98,44"
8988814581,False,"6,94,47,85,31","2,43,138,55,136"
8988814578,True,"14,74,2,93,9","108,26,44,71,39"
8988814576,True,"8,85,29,20,14","54,123,53,128,84"
8988814570,True,"43,9,128,137,63","2,71,113,11,21"
8988814566,True,"128,85,35,13,129","12,26,71,39,135"
8988814564,False,"96,26,145,30,106","119,123,14,76,10"
8988814560,True,"93,25,86,105,104","74,64,36,26,67"
8988814556,False,"102,21,14,70,107","18,1,79,96,35"
8988814534,False,"71,47,119,67,74","108,11,85,20,5"
8988814531,True,"23,14,54,92,40","86,128,28,39,48"
8988814514,False,"70,44,25,14,39","51,80,33,1,2"
8988814508,False,"67,107,126,40,11","96,71,46,79,21"
8988814487,False,"95,94,97,39,7","22,53,47,71,11"
8988814481,True,"22,57,31,41,46","1,96,25,86,123"
8988814466,True,"9,86,43,67,2","7,55,88,41,119"
8988814457,True,"22,54,86,110,74","44,50,76,2,37"
8988814444,False,"12,59,9,7,138","16,107,86,30,34"
8988814443,True,"71,78,39,44,123","98,11,52,8,35"
8988814439,True,"110,54,128,15,49","11,101,135,14,76"
8988814434,True,"49,123,51,57,56","25,84,10,108,71"
8988814432,False,"21,86,26,67,76","5,8,7,128,47"
8988814409,True,"48,86,129,76,9","53,128,123,46,29"
8988814404,True,"15,22,14,8,16","145,26,105,68,62"
8988814387,False,"6,22,1,50,104","7,75,82,14,74"
8988814384,True,"35,42,14,123,29","31,6,40,4,103"
8988814378,False,"11,74,36,5,93","35,31,23,54,71"
8988814377,True,"74,64,60,87,54","39,2,93,62,128"
8988814372,False,"0,0,0,0,0","0,0,0,0,0"
8988814371,True,"35,31,2,30,44","21,29,22,64,8"
8988814362,True,"20,53,41,87,15","33,14,31,101,109"
8988814345,False,"26,42,6,22,111","14,35,5,91,65"
8988814343,True,"11,5,36,104,101","31,6,67,84,7"
8988814327,True,"25,85,44,16,58","43,107,71,123,46"
8988814326,False,"48,81,100,18,126","23,16,35,44,136"
8988814312,False,"136,138,22,85,13","12,17,123,5,36"
8988814280,True,"72,74,6,5,2","35,21,114,87,135"
8988814265,True,"23,34,61,29,10","59,18,42,78,58"
8988814263,True,"8,112,22,11,96","41,30,31,106,97"
8988814261,True,"92,76,55,54,14","98,86,11,119,145"
8988814260,True,"74,18,30,45,75","22,26,109,39,42"
8988814256,False,"131,21,17,1,60","145,36,9,2,121"
8988814241,True,"123,107,84,35,121","28,62,76,67,26"
8988814238,True,"5,15,18,42,37","2,111,36,20,6"
8988814237,False,"107,35,96,8,47","2,86,49,17,27"
8988814231,True,"111,114,74,96,123","35,9,42,67,26"
8988814216,False,"114,106,86,100,88","138,71,35,27,96"
8988814209,True,"135,74,14,50,44","11,5,59,123,28"
8988814195,True,"80,107,136,108,119","3,62,55,145,35"
8988814150,True,"35,71,108,74,41","26,54,22,42,14"
8988814131,True,"114,76,85,71,128","50,44,14,97,67"
8988814127,True,"21,55,72,39,14","44,85,76,105,136"
8988814124,False,"76,86,10,129,30","11,14,108,21,75"
8988814111,True,"101,97,86,36,12","84,107,5,138,20"
8988814097,True,"92,30,26,44,97","129,98,37,9,107"
8988814092,True,"71,80,91,74,86","110,2,64,8,106"
8988814077,False,"8,71,68,36,128","63,25,42,35,67"
8988814059,False,"51,9,123,6,13","98,39,75,119,41"
8988814056,False,"82,25,9,86,42","22,14,60,145,47"
8988814038,True,"64,114,6,45,84","55,5,14,101,56"
8988814037,True,"6,11,14,86,16","18,74,96,68,22"
8988814011,True,"105,106,27,110,11","55,54,126,84,121"
8988814010,False,"50,53,99,85,35","84,2,41,71,25"
8988814007,True,"92,105,44,17,114","41,55,36,59,53"
8988814000,False,"14,25,30,81,67","6,82,108,9,5"
8988813977,True,"12,25,98,119,27","85,71,136,113,46"
8988813974,False,"1,85,9,106,104","6,74,108,26,91"
8988813958,True,"44,17,47,40,33","58,21,14,8,22"
8988813933,False,"145,105,31,39,93","101,7,49,13,102"
8988813927,True,"53,107,128,26,90","6,96,126,84,75"
8988813908,True,"54,53,55,71,59","68,11,107,14,44"
8988813883,True,"17,8,71,64,81","30,138,16,114,7"
8988813879,False,"1,42,32,80,81","6,46,11,97,51"
8988813851,False,"71,62,105,14,67","11,20,128,84,36"
8988813850,False,"26,6,35,123,20","54,31,76,74,7"
8988813848,False,"3,17,29,8,74","54,90,136,88,75"
8988813831,True,"48,108,39,71,50","36,40,81,44,26"
8988813829,True,"128,87,14,42,11","25,26,119,29,46"
8988813795,False,"71,106,75,1,59","104,18,25,137,131"
8988813788,False,"11,85,138,9,98","88,59,12,35,40"
8988813771,True,"91,55,44,27,14","109,2,106,101,26"
8988813770,False,"74,63,123,48,129","90,11,21,59,35"
8988813745,False,"14,44,84,20,97","35,26,93,64,28"
8988813742,False,"84,96,67,106,86","111,60,93,104,9"
8988813736,True,"63,41,25,53,20","85,14,76,44,104"
8988813734,True,"42,87,135,40,97","55,25,14,119,70"
8988813732,True,"14,36,114,8,71","74,26,49,84,70"
8988813722,False,"65,6,87,75,55","11,85,155,86,110"
8988813719,True,"54,15,86,9,34","71,97,59,8,138"
8988813702,False,"11,90,102,74,33","45,9,2,54,100"
8988813692,True,"56,20,86,93,78","145,104,11,14,85"
8988813670,False,"9,2,22,84,12","88,114,71,41,86"
8988813661,True,"87,96,6,71,15","27,8,107,33,19"
8988813660,True,"48,53,9,120,106","51,3,108,11,17"
8988813641,False,"26,11,25,29,64","35,84,18,14,43"
8988813638,True,"2,109,80,145,25","36,52,42,71,14"
8988813637,False,"54,48,25,53,27","19,44,18,123,22"
8988813625,True,"74,35,1,123,28","29,14,80,12,17"
8988813618,True,"8,47,26,59,64","84,12,57,22,60"
8988813584,False,"48,31,7,44,21","1,74,5,36,67"
8988813583,False,"64,8,21,40,22","100,48,69,26,36"
8988813564,True,"22,31,11,36,104","76,96,10,86,101"
8988813562,False,"11,36,2,14,48","91,131,10,3,28"
8988813544,True,"35,68,96,57,48","89,45,28,7,120"
8988813540,True,"19,68,36,85,74","93,17,123,20,14"
8988813532,True,"71,9,69,74,41","86,107,57,39,8"
8988813526,True,"2,47,67,75,54","26,100,93,11,40"
8988813510,True,"126,123,120,1,40","91,8,9,55,25"
8988813509,False,"8,14,27,123,85","15,54,9,84,64"
8988813508,False,"11,2,36,34,14","128,70,108,53,45"
8988813477,True,"54,121,25,2,71","76,62,26,46,60"
8988813462,False,"128,131,67,55,76","7,26,1,35,21"
8988813460,False,"16,9,107,11,79","123,86,36,8,108"
8988813457,False,"71,22,43,44,36","21,102,26,53,56"
8988813425,False,"8,25,84,14,26","109,31,97,1,98"
8988813412,False,"16,44,111,5,11","25,53,104,26,31"
8988813408,False,"14,54,48,88,69","72,42,22,27,80"
8988813392,False,"11,94,63,68,14","120,39,109,86,105"
8988813390,False,"2,44,102,97,101","108,7,11,107,9"
8988813375,True,"114,65,56,78,18","145,8,19,103,109"
8988813372,False,"108,33,31,44,9","40,36,49,48,121"
8988813369,True,"32,7,6,22,84","41,63,17,96,14"
8988813368,True,"56,55,74,85,101","105,97,6,76,7"
8988813362,False,"108,105,87,91,63","8,37,11,119,99"
8988813331,False,"31,76,14,21,93","11,36,12,39,84"
8988813313,False,"10,85,34,21,14","88,11,135,83,65"
8988813312,False,"108,93,91,84,128","22,54,60,87,17"
8988813311,False,"108,62,145,32,86","74,9,40,8,2"
8988813310,True,"20,101,70,105,59","36,123,83,9,71"
8988813274,False,"96,14,84,75,8","107,85,42,35,86"
8988813265,True,"126,123,84,97,105","26,21,9,55,11"
8988813250,True,"14,39,2,45,9","75,98,8,59,86"
8988813247,True,"22,64,14,90,11","5,37,4,25,7"
8988813233,False,"123,11,100,145,104","9,136,108,105,67"
8988813229,False,"11,22,73,84,6","1,31,107,14,129"
8988813224,True,"131,104,64,48,21","42,15,50,101,18"
8988813221,True,"86,8,76,107,108","2,17,23,54,68"
8988813220,False,"5,119,8,14,19","63,25,138,102,45"
8988813219,False,"36,105,126,69,99","2,74,68,9,44"
8988813201,True,"38,14,123,74,11","27,46,15,42,85"
8988813194,False,"7,93,31,10,83","35,65,42,4,71"
8988813188,False,"72,98,5,50,33","63,42,21,14,88"
8988813185,False,"86,39,21,129,9","96,26,10,74,110"
8988813184,True,"74,96,47,14,39","37,19,21,86,25"
8988813182,True,"64,51,22,14,9","36,8,52,2,26"
8988813172,True,"90,135,11,97,100","64,145,108,22,71"
8988813169,True,"8,2,20,36,107","14,106,58,101,44"
8988813151,False,"123,114,7,120,84","5,88,70,36,18"
8988813146,True,"35,17,100,3,8","32,26,22,67,64"
8988813144,True,"58,13,107,29,48","113,99,9,112,32"
8988813141,False,"64,128,14,85,22","53,71,9,76,99"
8988813121,False,"14,104,29,88,123","74,96,21,101,25"
8988813120,True,"71,64,5,44,14","11,131,88,6,35"
8988813113,False,"26,53,63,8,87","75,15,114,49,12"
8988813096,False,"11,99,21,26,44","48,114,45,155,91"
8988813090,False,"95,79,25,78,102","74,35,30,135,93"
8988813086,False,"51,14,100,86,145","59,67,113,90,2"
8988813076,False,"102,35,7,8,72","12,101,21,22,88"
8988813069,True,"28,21,51,93,15","73,106,97,62,9"
8988813066,True,"135,39,28,54,112","98,86,74,120,11"
8988813062,True,"71,69,112,58,37","14,101,2,74,114"
8988813054,True,"8,129,9,100,49","2,63,3,11,84"
8988813053,False,"26,8,103,57,71","75,47,36,6,5"
8988813048,True,"48,5,2,50,25","67,123,106,71,9"
8988813045,True,"111,46,33,108,100","67,21,8,5,86"
8988813033,False,"25,111,101,42,4","5,81,114,18,90"
8988813027,True,"97,7,62,8,49","107,41,74,28,9"
8988813014,True,"67,137,15,110,69","34,6,87,102,100"
8988813013,True,"76,93,15,62,84","25,8,31,96,33"
8988813010,False,"107,108,6,103,44","26,21,35,49,110"
8988813009,False,"39,8,71,1,106","109,74,25,76,22"
8988812991,True,"31,76,28,22,18","62,84,67,25,108"
8988812986,True,"6,50,42,21,39","64,101,67,98,22"
8988812983,True,"74,48,45,35,6","36,19,84,93,10"
8988812980,False,"44,105,53,103,16","79,87,20,42,51"
8988812965,True,"74,15,31,34,11","87,12,108,106,14"
8988812951,True,"87,67,7,21,106","53,5,2,128,8"
8988812924,False,"29,76,123,46,100","25,83,97,72,41"
8988812910,False,"39,30,145,86,99","60,44,71,112,91"
8988812907,True,"87,61,11,1,48","28,93,22,68,30"
8988812906,False,"88,81,91,34,11","9,113,54,99,26"
8988812902,True,"9,6,84,7,99","22,48,31,108,101"
8988812880,False,"27,11,40,16,41","74,18,35,91,55"
8988812860,True,"8,84,22,105,1","138,108,101,25,60"
8988812854,True,"9,155,12,110,14","62,55,25,83,6"
8988812848,False,"26,77,30,8,21","71,93,22,88,32"
8988812826,False,"76,23,84,44,20","107,128,108,8,14"
8988812821,True,"41,63,39,52,31","71,89,11,23,36"
8988812820,False,"96,93,101,113,14","42,63,26,36,11"
8988812819,True,"46,29,11,37,110","84,18,106,96,5"
8988812807,True,"54,55,62,26,36","14,93,17,155,123"
8988812806,True,"97,62,26,93,35","40,9,21,96,54"
8988812805,True,"27,36,42,93,107","111,54,14,65,17"
8988812801,False,"65,30,51,96,1","74,54,55,131,85"
8988812796,True,"56,112,109,83,14","11,42,105,6,107"
8988812795,False,"9,68,93,85,54","95,96,27,17,40"
8988812769,True,"54,15,11,128,9","62,25,2,6,26"
8988812744,True,"3,54,86,98,43","35,18,84,19,11"
8988812719,True,"74,123,97,67,47","14,40,64,11,62"
8988812717,False,"12,17,36,62,88","13,19,105,69,21"
8988812714,True,"20,97,109,22,21","74,27,63,15,91"
8988812713,False,"112,20,15,9,69","26,2,12,135,35"
8988812712,True,"56,111,84,25,71","28,69,36,31,123"
8988812693,False,"67,20,84,14,11","131,44,54,7,9"
8988812691,False,"73,67,22,95,7","50,126,88,39,54"
8988812690,False,"90,26,70,100,97","105,107,46,57,84"
8988812687,True,"26,15,137,25,36","145,27,32,7,84"
8988812683,True,"119,99,14,76,67","100,32,8,112,1"
8988812679,True,"54,14,131,71,55","62,2,27,12,38"
8988812675,False,"7,97,87,11,71","27,112,104,18,88"
8988812661,False,"23,18,15,22,3","59,1,48,55,45"
8988812654,False,"14,88,11,67,69","99,136,8,45,5"
8988812645,False,"86,67,107,34,53","58,74,101,41,84"
8988812643,True,"35,82,114,11,31","2,9,8,97,26"
8988812630,False,"100,47,19,27,21","86,42,31,30,53"
8988812622,True,"87,14,86,96,42","8,5,69,35,128"
8988812609,True,"9,53,114,94,105","20,14,21,97,74"
8988812605,True,"107,1,69,128,14","97,86,54,7,62"
8988812604,False,"94,38,54,34,35","81,23,96,62,15"
8988812601,True,"105,97,54,25,45","106,123,119,53,108"
8988812589,True,"55,14,131,8,100","17,31,54,2,86"
8988812584,True,"85,121,46,70,42","53,25,104,26,14"
8988812581,False,"92,86,51,109,21","72,90,108,26,11"
8988812573,False,"2,39,14,128,41","68,84,18,21,42"
8988812555,False,"97,2,54,40,14","121,83,61,11,60"
8988812553,False,"84,138,105,7,20","46,100,40,136,88"
8988812551,True,"75,112,104,36,93","39,9,86,55,4"
8988812524,True,"7,70,67,85,56","17,145,123,105,8"
8988812522,False,"96,97,36,9,29","53,2,47,74,6"
8988812521,True,"32,21,71,74,94","5,29,93,40,7"
8988812514,True,"67,75,29,5,99","39,84,2,87,6"
8988812511,True,"35,5,7,26,23","14,9,67,56,22"
8988812506,True,"12,29,76,14,86","48,80,35,93,71"
8988812505,True,"36,119,82,7,98","62,80,83,55,67"
8988812494,True,"60,14,57,86,35","85,54,21,25,83"
8988812492,True,"30,12,62,74,44","14,2,87,67,93"
8988812477,True,"49,3,109,14,101","7,135,68,90,54"
8988812475,True,"63,109,26,120,35","108,86,96,53,11"
8988812474,False,"40,47,86,7,9","5,20,34,22,35"
8988812471,False,"91,9,74,39,136","44,108,25,21,26"
8988812468,False,"67,97,26,128,17","8,114,79,64,98"
8988812466,True,"95,59,42,2,74","114,98,123,71,35"
8988812455,True,"7,86,15,26,36","27,96,76,59,6"
8988812452,True,"84,28,26,20,22","36,123,21,11,37"
8988812448,False,"14,15,35,30,49","108,68,41,39,26"
8988812430,True,"93,9,123,14,108","42,11,145,71,31"
8988812428,False,"56,37,84,18,50","33,19,105,114,102"
8988812424,False,"25,2,46,62,105","74,26,93,69,85"
8988812416,True,"67,42,45,5,86","12,7,38,26,17"
8988812412,True,"67,14,48,13,17","6,84,43,109,50"
8988812398,False,"121,54,107,21,128","52,75,41,14,93"
8988812388,False,"86,84,25,40,14","19,42,26,31,47"
8988812376,False,"7,46,108,84,10","11,16,74,83,72"
8988812375,False,"68,93,145,36,14","37,54,87,49,113"
8988812360,True,"64,104,6,5,35","78,1,45,86,85"
8988812349,False,"25,26,11,121,38","48,78,123,74,14"
8988812335,True,"84,74,5,42,48","81,62,17,66,54"
8988812333,True,"60,22,35,37,82","54,15,86,30,14"
8988812313,False,"98,119,21,112,39","86,90,85,17,8"
8988812306,False,"96,30,18,74,84","101,53,88,54,128"
8988812305,True,"68,22,47,56,71","42,21,33,41,35"
8988812303,False,"85,36,13,111,70","62,21,25,2,11"
8988812296,False,"76,108,31,8,27","62,11,135,36,26"
8988812285,False,"7,14,35,11,74","53,101,93,9,104"
8988812280,True,"110,135,35,12,71","36,119,84,97,11"
8988812278,False,"91,111,14,36,108","62,61,20,2,26"
8988812272,True,"11,83,36,82,105","30,135,8,62,106"
8988812271,True,"62,108,35,67,26","28,93,5,54,83"
8988812256,False,"68,84,15,60,18","19,62,76,101,8"
8988812254,False,"120,109,107,26,96","74,54,5,131,71"
8988812253,True,"54,28,51,35,22","39,145,14,107,119"
8988812235,False,"35,75,83,8,50","7,53,68,67,101"
8988812231,False,"131,5,59,76,8","33,1,84,91,9"
8988812218,False,"71,46,16,113,107","47,105,48,84,8"
8988812216,False,"36,35,69,83,53","131,9,11,126,14"
8988812213,True,"14,69,6,15,35","87,89,11,84,26"
8988812206,False,"100,7,38,91,48","86,36,114,5,21"
8988812201,False,"60,62,46,34,121","45,23,85,2,93"
8988812200,False,"34,86,83,15,53","49,121,55,123,1"
8988812188,False,"48,93,8,101,90","7,68,36,15,19"
8988812186,False,"36,107,68,84,6","76,14,129,41,26"
8988812185,True,"8,96,9,88,76","54,25,128,84,28"
8988812176,True,"30,40,104,6,126","9,39,1,60,62"
8988812165,True,"27,44,123,82,33","137,39,35,101,21"
8988812164,True,"107,2,8,88,31","71,20,7,11,29"
8988812162,True,"54,97,119,68,126","108,25,51,48,3"
8988812158,True,"2,30,87,44,80","67,8,41,19,55"
8988812144,True,"113,60,3,119,46","136,36,48,26,86"
8988812143,False,"27,76,9,8,77","85,11,60,106,5"
8988812139,True,"136,119,96,67,22","35,128,72,104,9"
8988812135,True,"101,71,106,67,60","28,58,119,26,41"
8988812128,False,"41,27,49,110,112","35,2,9,12,123"
8988812093,True,"97,25,31,5,18","69,62,11,126,35"
8988812072,False,"28,97,21,85,90","71,111,1,5,113"
8988812070,True,"64,34,135,145,110","131,36,26,10,17"
8988812061,True,"21,42,76,18,73","131,138,86,23,3"
8988812051,False,"110,123,98,83,1","105,97,18,107,112"
8988812048,True,"35,11,14,84,15","86,34,29,8,89"
8988812018,False,"84,108,87,36,70","75,48,62,10,49"
8988812016,True,"44,50,74,25,84","21,22,108,6,120"
8988812013,False,"27,26,32,35,53","6,86,16,111,22"
8988812001,False,"84,17,60,14,8","67,26,42,21,86"
8988811998,False,"7,39,55,110,48","68,96,9,6,64"
8988811988,True,"33,84,35,62,93","90,55,21,95,26"
8988811927,True,"21,135,9,83,20","11,25,26,107,85"
8988811917,False,"113,53,82,121,107","135,10,58,102,4"
8988811916,True,"74,6,71,2,30","36,123,54,101,60"
8988811900,False,"107,42,20,22,101","44,25,36,62,30"
8988811873,False,"92,27,65,86,83","20,50,34,91,63"
8988811870,False,"74,11,58,128,108","123,47,14,93,50"
8988811869,True,"30,5,11,88,29","108,76,4,86,87"
8988811847,True,"86,89,131,103,10","52,36,66,45,7"
8988811845,True,"14,7,121,48,74","103,84,40,2,108"
8988811844,False,"94,91,2,7,105","86,26,54,98,11"
8988811843,True,"87,63,145,120,62","39,123,54,68,18"
8988811832,True,"93,121,135,26,106","90,96,48,15,88"
8988811816,True,"14,19,94,86,21","39,84,8,25,22"
8988811791,True,"8,71,108,105,76","9,84,36,26,21"
8988811787,True,"21,44,90,86,59","26,96,25,48,9"
8988811784,False,"22,9,55,1,39","107,74,47,33,8"
8988811775,True,"20,84,31,8,129","51,14,44,100,97"
8988811771,False,"14,36,53,74,60","86,20,10,30,19"
8988811765,True,"2,14,11,76,64","80,91,97,85,123"
8988811758,False,"9,41,21,135,85","8,101,64,39,97"
8988811756,True,"60,105,36,8,31","41,131,13,62,2"
8988811755,True,"86,9,28,41,39","18,59,8,14,123"
8988811753,True,"100,113,31,28,54","97,6,123,17,36"
8988811752,False,"56,64,20,2,128","1,13,123,31,85"
8988811750,False,"46,101,51,28,106","128,84,108,39,44"
8988811747,False,"55,44,64,11,75","39,22,8,104,9"
8988811740,True,"25,26,28,54,123","71,21,74,97,120"
8988811739,True,"19,9,110,49,86","114,2,87,105,22"
8988811735,True,"97,76,37,35,40","29,119,87,60,95"
8988811721,False,"25,96,64,84,101","56,112,12,108,155"
8988811718,False,"74,9,30,14,81","105,155,83,84,89"
8988811716,True,"137,29,74,68,56","5,21,84,36,93"
8988811715,False,"74,95,99,9,97","11,2,7,84,22"
8988811710,True,"18,106,49,14,26","126,11,120,135,71"
8988811709,False,"83,21,112,13,98","14,126,33,30,12"
8988811707,False,"84,46,67,85,2","38,91,30,35,9"
8988811705,True,"47,45,88,32,11","91,2,26,36,145"
8988811697,False,"40,81,5,8,36","46,2,131,26,9"
8988811670,True,"70,67,22,96,21","28,76,7,44,64"
8988811667,True,"64,81,123,28,129","62,49,21,97,63"
8988811661,False,"40,59,84,42,3","68,86,108,88,54"
8988811652,True,"41,68,14,56,101","5,17,137,12,9"
8988811650,True,"60,62,44,49,105","42,87,25,8,71"
8988811628,False,"12,38,101,58,111","53,16,41,30,60"
8988811627,True,"48,15,97,62,87","54,9,126,60,74"
8988811626,True,"25,40,2,119,21","102,39,32,14,8"
8988811625,True,"14,28,76,21,86","19,74,15,120,111"
8988811624,False,"41,86,121,30,14","101,70,55,119,39"
8988811610,False,"57,6,43,30,26","85,2,102,101,90"
8988811598,True,"14,84,31,42,100","96,88,39,123,41"
8988811591,False,"42,22,81,35,75","26,12,107,105,104"
8988811583,False,"62,25,3,48,49","80,54,23,18,44"
8988811573,False,"84,54,123,68,100","15,86,103,8,26"
8988811572,True,"29,11,83,21,35","73,84,111,40,7"
8988811557,True,"121,90,108,8,5","76,7,110,67,36"
8988811545,False,"49,106,26,14,4","44,9,131,74,2"
8988811508,True,"12,93,85,19,131","70,22,31,2,7"
8988811506,False,"74,58,88,44,100","1,86,62,28,35"
8988811499,False,"10,97,76,135,85","26,47,145,74,105"
8988811485,True,"84,101,112,7,44","35,14,25,97,26"
8988811484,False,"7,123,28,1,21","18,26,25,97,62"
8988811477,True,"87,18,15,33,75","29,91,114,105,11"
8988811471,True,"9,27,104,5,22","101,11,8,42,35"
8988811450,False,"54,69,17,62,105","110,14,49,85,11"
8988811443,True,"104,25,94,88,20","2,62,64,49,11"
8988811434,False,"40,145,108,22,39","128,47,58,112,41"
8988811431,True,"5,95,43,111,69","11,84,44,37,75"
8988811411,False,"25,109,110,111,62","69,79,94,14,84"
8988811410,True,"128,49,25,37,44","42,86,9,104,101"
8988811408,True,"44,13,37,107,71","110,84,25,20,48"
8988811407,False,"76,30,86,93,84","50,60,25,36,88"
8988811388,False,"60,25,54,53,26","97,145,69,33,14"
8988811385,True,"97,20,84,23,11","95,111,129,71,22"
8988811378,False,"84,11,37,86,96","76,109,41,9,27"
8988811373,True,"105,74,119,145,120","35,14,33,110,20"
8988811371,False,"25,108,6,35,21","40,7,56,29,106"
8988811363,True,"46,123,79,74,63","2,14,51,22,1"
8988811362,False,"32,84,86,71,47","9,41,97,49,35"
8988811361,True,"135,32,22,87,119","106,104,27,7,67"
8988811354,True,"11,22,83,31,104","29,5,25,9,54"
8988811353,True,"29,106,11,86,90","26,97,85,25,67"
8988811333,False,"9,26,35,93,120","74,104,80,55,4"
8988811332,False,"39,2,84,114,54","29,93,26,22,123"
8988811322,True,"44,29,26,106,14","34,30,48,85,102"
8988811319,True,"36,8,21,101,14","93,37,28,54,75"
8988811316,True,"11,20,86,68,36","88,25,80,137,27"
8988811287,True,"1,70,17,35,3","145,84,30,109,75"
8988811286,True,"104,6,101,86,108","84,2,76,8,119"
8988811271,True,"107,28,22,27,19","6,13,85,128,104"
8988811269,False,"54,36,108,26,88","93,85,59,30,90"
8988811257,False,"0,0,0,0,0","0,0,0,0,0"
8988811246,False,"35,58,71,91,26","53,15,99,85,67"
8988811242,False,"53,83,108,27,12","85,84,14,30,40"
8988811241,True,"5,69,112,113,41","49,109,9,20,27"
8988811239,True,"84,2,105,55,44","26,13,35,71,54"
8988811235,True,"21,97,58,25,93","11,71,2,54,40"
8988811233,False,"43,97,50,128,6","54,75,36,76,3"
8988811214,True,"104,21,86,54,75","42,71,84,22,69"
8988811213,True,"39,97,59,27,44","41,111,120,4,45"
8988811193,False,"95,81,86,18,123","14,20,15,71,35"
8988811192,False,"126,18,73,26,31","11,5,84,8,14"
8988811173,True,"11,22,31,49,108","46,26,69,25,86"
8988811172,False,"123,17,11,30,96","9,120,20,10,51"
8988811166,False,"60,26,71,47,40","31,12,61,88,137"
8988811163,False,"9,55,90,25,145","41,107,14,40,5"
8988811161,True,"4,35,84,128,71","25,26,21,80,11"
8988811160,True,"114,46,5,78,71","97,8,13,53,26"
8988811145,True,"6,14,128,34,55","11,120,47,40,84"
8988811139,False,"39,100,62,15,63","53,86,47,25,110"
8988811137,False,"14,108,20,101,67","86,18,35,29,5"
8988811121,False,"82,55,44,71,68","81,96,14,84,31"
8988811105,False,"123,18,105,108,17","30,55,71,54,107"
8988811100,False,"35,5,95,135,9","7,54,28,25,20"
8988811086,True,"21,105,88,35,70","74,7,3,107,20"
8988811074,False,"27,128,9,70,104","110,76,112,54,129"
8988811071,False,"39,18,7,135,85","25,22,104,19,11"
8988811061,False,"36,4,74,59,2","34,44,100,69,75"
8988811038,False,"25,95,75,29,31","85,21,12,100,113"
8988811024,True,"27,75,57,74,54","97,64,8,14,106"
8988811023,False,"87,28,76,88,41","101,74,67,71,54"
8988811009,False,"44,55,87,102,25","2,68,22,92,64"
8988811008,True,"84,22,108,105,6","88,2,101,11,40"
8988810993,False,"107,71,79,48,86","93,75,33,14,11"
8988810990,True,"21,128,38,45,98","145,14,59,67,84"
8988810985,True,"11,8,107,101,55","31,28,20,3,108"
8988810978,True,"70,27,129,11,9","97,44,112,58,35"
8988810964,False,"128,11,119,107,45","15,111,14,18,19"
8988810961,True,"95,31,10,9,85","19,55,1,84,13"
8988810929,True,"12,21,17,63,29","28,84,39,44,30"
8988810927,False,"53,68,2,86,36","67,75,107,60,85"
8988810903,False,"56,1,45,84,21","114,27,85,15,8"
8988810895,False,"19,97,18,101,74","91,84,58,11,21"
8988810874,False,"69,17,1,84,128","47,21,71,26,54"
8988810870,False,"15,71,41,16,21","8,88,32,36,26"
8988810867,True,"55,101,54,128,21","11,31,129,37,27"
8988810863,True,"123,4,97,22,9","35,105,95,26,93"
8988810862,False,"129,111,6,106,119","11,29,123,54,3"
8988810849,True,"86,67,36,110,21","40,28,14,48,76"
8988810840,False,"19,42,58,7,35","70,71,39,21,26"
8988810832,True,"101,51,28,11,16","60,123,5,25,80"
8988810831,True,"135,26,74,68,89","36,14,126,44,112"
8988810827,False,"106,10,40,9,82","86,36,103,22,105"
8988810816,True,"103,26,135,93,47","64,36,5,42,18"
8988810814,True,"42,96,32,131,128","129,64,97,11,35"
8988810813,True,"8,14,32,86,71","64,62,43,67,7"
8988810812,True,"37,123,104,74,12","36,11,100,28,84"
8988810796,True,"86,101,7,96,6","88,39,49,17,85"
8988810792,True,"28,105,155,26,78","67,95,113,84,5"
8988810768,False,"86,2,18,31,41","120,79,67,51,108"
8988810751,False,"8,114,35,86,101","97,25,14,67,84"
8988810744,True,"102,14,26,12,68","18,27,5,28,90"
8988810741,True,"16,9,72,128,106","53,112,71,33,32"
8988810735,True,"69,74,97,56,31","86,35,102,87,100"
8988810723,True,"14,35,88,128,90","55,34,62,27,21"
8988810722,True,"100,31,25,5,21","44,27,22,60,35"
8988810697,False,"111,119,99,145,94","104,101,120,70,5"
8988810696,False,"85,74,93,101,104","68,84,96,11,48"
8988810688,True,"86,54,27,43,14","40,8,17,64,85"
8988810672,True,"26,86,98,48,20","105,89,123,119,18"
8988810661,True,"93,106,31,27,97","136,48,104,86,5"
8988810659,False,"41,87,135,9,86","5,42,76,108,27"
8988810613,False,"107,89,75,2,63","110,60,8,123,38"
8988810611,False,"46,62,99,55,92","72,75,12,108,90"
8988810606,False,"27,36,97,41,20","105,76,26,51,11"
8988810602,True,"39,67,76,87,40","18,14,35,91,13"
8988810588,True,"86,76,108,119,114","84,44,20,28,25"
8988810586,True,"9,129,8,71,49","83,44,74,123,7"
8988810585,False,"22,7,106,12,35","102,25,26,44,60"
8988810563,True,"90,119,2,54,138","11,123,86,6,55"
8988810558,True,"42,25,93,30,22","135,119,94,43,126"
8988810557,False,"54,74,62,105,1","16,25,90,2,8"
8988810556,True,"135,105,145,14,76","83,98,21,54,136"
8988810555,False,"26,14,25,80,30","85,99,28,86,54"
8988810528,True,"20,135,100,11,35","19,64,71,106,108"
8988810524,True,"53,20,128,106,60","98,62,54,26,36"
8988810522,False,"11,2,112,17,121","31,96,54,95,90"
8988810507,True,"107,92,62,2,36","135,19,49,84,71"
8988810504,True,"21,12,28,111,106","6,22,7,75,23"
8988810499,False,"14,22,137,88,57","64,10,4,123,85"
8988810496,True,"26,35,14,25,97","7,74,42,86,75"
8988810477,True,"90,42,31,62,18","32,12,131,113,68"
8988810474,False,"42,48,25,101,58","36,21,30,8,93"
8988810466,True,"11,51,60,35,14","76,8,128,21,131"
8988810449,False,"74,67,123,26,96","83,71,97,48,32"
8988810448,False,"107,21,92,14,83","49,102,10,25,9"
8988810439,False,"17,31,135,67,26","11,39,123,86,137"
8988810429,False,"22,88,99,29,40","14,47,18,84,2"
8988810425,False,"2,93,19,74,27","54,108,86,85,11"
8988810421,True,"114,98,112,54,15","12,26,72,92,39"
8988810406,True,"41,72,65,14,55","91,53,74,44,96"
8988810395,True,"97,51,123,15,109","12,34,71,99,88"
8988810371,True,"25,108,93,75,31","36,74,42,51,21"
8988810339,False,"101,81,84,68,14","7,104,35,30,48"
8988810331,False,"36,85,48,131,119","21,49,107,135,14"
8988810316,True,"45,95,86,20,14","19,17,119,46,76"
8988810308,False,"9,88,42,138,22","44,123,7,101,99"
8988810289,False,"22,102,135,11,113","93,54,39,97,155"
8988810287,True,"7,35,28,3,67","123,14,29,6,39"
8988810285,False,"43,84,26,96,67","104,93,128,56,101"
8988810281,False,"11,27,131,81,39","72,48,19,108,64"
8988810278,True,"31,74,11,49,42","14,17,119,7,44"
8988810266,True,"42,54,34,37,85","35,108,14,11,82"
8988810265,False,"84,135,97,109,74","11,120,9,14,10"
8988810254,True,"15,123,49,46,100","76,87,41,31,28"
8988810238,True,"46,62,27,74,135","55,51,28,54,26"
8988810236,False,"11,39,30,28,145","59,55,19,1,26"
8988810225,True,"106,28,111,56,107","19,112,60,26,36"
8988810215,False,"85,1,35,74,2","136,37,8,32,34"
8988810195,False,"54,29,9,49,62","88,86,42,138,108"
8988810191,True,"14,64,26,22,93","7,8,20,128,84"
8988810190,True,"1,135,85,74,123","108,26,47,10,75"
8988810181,False,"19,126,86,67,22","54,15,51,96,45"
8988810178,True,"84,8,135,27,25","12,31,76,2,85"
8988810162,True,"36,109,31,26,108","47,91,1,84,106"
8988810155,False,"11,84,120,112,40","42,27,35,68,88"
8988810152,False,"14,84,26,1,78","120,65,74,55,67"
8988810146,True,"6,105,136,71,85","120,25,87,48,20"
8988810145,False,"23,54,27,86,21","120,62,11,111,55"
8988810119,False,"73,67,22,86,96","30,137,85,93,106"
8988810108,True,"87,7,39,18,21","119,11,66,13,84"
8988810101,True,"88,74,100,48,50","93,105,101,91,21"
8988810091,True,"87,114,123,74,49","25,85,11,36,100"
8988810086,True,"5,62,107,12,60","14,13,53,18,108"
8988810084,False,"26,74,22,108,109","97,67,86,33,25"
8988810083,True,"54,112,22,104,36","135,93,21,90,114"
8988810079,True,"74,5,2,44,109","11,28,59,86,85"
8988810069,False,"97,17,88,42,43","44,31,84,79,11"
8988810066,True,"37,81,110,14,93","155,126,54,40,2"
8988810065,False,"70,107,14,5,60","74,12,114,2,20"
8988810051,False,"60,64,40,31,6","47,84,9,137,80"
8988810041,False,"40,14,8,86,74","72,54,76,97,100"
8988810040,True,"33,41,15,35,101","8,26,7,30,104"
8988810032,False,"96,32,21,128,26","56,73,11,22,84"
8988810025,True,"40,42,112,16,113","71,95,91,44,97"
8988810023,True,"11,18,69,5,31","3,42,36,64,44"
8988810010,False,"5,81,31,36,6","69,28,50,111,40"
8988810007,True,"9,70,14,25,28","76,95,110,26,15"
8988810005,False,"86,30,55,39,54","96,60,85,87,21"
8988810001,False,"17,28,20,14,71","19,32,84,43,112"
8988809975,True,"97,62,8,2,3","9,12,49,78,14"
8988809960,False,"26,67,71,36,35","62,74,20,28,41"
8988809935,False,"27,74,17,108,30","99,21,8,9,84"
8988809910,True,"35,72,128,105,7","110,54,108,25,5"
8988809902,True,"108,26,90,93,47","9,14,42,6,67"
8988809901,True,"41,58,87,35,85","54,52,129,14,27"
8988809899,True,"56,13,20,72,71","21,81,8,114,40"
8988809889,True,"90,58,41,46,123","6,30,62,2,11"
8988809886,False,"8,45,17,29,22","69,48,7,21,26"
8988809885,False,"135,23,32,119,22","36,14,70,96,26"
8988809884,True,"71,96,37,145,76","83,28,36,22,18"
8988809878,True,"128,114,104,101,86","112,8,96,27,14"
8988809869,True,"103,102,23,112,67","96,93,100,74,20"
8988809859,False,"88,8,108,98,31","23,39,1,86,75"
8988809855,True,"7,85,21,136,87","18,22,120,14,108"
8988809854,True,"25,83,21,56,112","26,120,35,14,34"
8988809852,True,"11,84,93,9,21","99,63,26,119,28"
8988809835,False,"23,91,26,88,17","97,8,135,9,113"
8988809833,False,"98,22,6,74,86","14,64,75,18,63"
8988809832,True,"108,26,109,62,121","13,86,14,30,54"
8988809827,True,"93,108,39,84,40","41,128,99,10,37"
8988809812,False,"60,30,86,114,7","36,137,40,14,93"
8988809811,False,"135,30,71,106,93","56,8,108,101,75"
8988809795,False,"16,6,36,30,111","64,91,47,9,86"
8988809794,False,"55,30,11,111,97","44,64,5,100,78"
8988809789,True,"101,8,88,84,31","1,21,28,36,40"
8988809780,False,"44,27,21,97,11","34,7,25,46,5"
8988809769,False,"55,40,76,27,48","84,75,25,2,35"
8988809768,False,"51,109,7,110,71","30,15,12,91,107"
8988809767,False,"60,3,41,85,7","11,81,37,36,14"
8988809750,True,"120,86,18,131,69","55,14,102,74,53"
8988809745,True,"2,53,18,85,22","75,27,67,14,52"
8988809728,False,"102,53,11,62,14","63,4,25,84,12"
8988809710,False,"21,18,2,22,5","69,102,113,71,41"
8988809706,True,"11,75,31,90,97","25,84,69,48,14"
8988809690,True,"14,43,21,41,57","84,100,17,119,70"
8988809685,False,"57,69,7,41,25","14,44,123,66,128"
8988809675,True,"135,97,91,48,36","106,42,26,2,9"
8988809661,False,"145,89,87,104,106","75,48,84,74,60"
8988809654,False,"86,71,54,85,84","126,60,35,21,26"
8988809651,True,"84,60,42,121,59","112,67,90,55,44"
8988809650,False,"68,26,120,97,56","9,42,123,6,86"
8988809644,True,"93,31,14,25,45","8,1,88,7,36"
8988809640,False,"74,14,25,60,126","69,68,39,54,26"
8988809615,True,"126,62,99,44,68","64,31,109,7,135"
8988809611,True,"13,72,40,8,98","105,120,123,28,14"
8988809593,True,"129,21,27,100,101","14,29,35,30,54"
8988809590,False,"105,17,97,21,62","73,35,108,42,22"
8988809587,True,"74,56,101,103,50","84,79,14,80,96"
8988809578,False,"26,105,70,7,97","88,54,9,44,31"
8988809565,True,"85,6,7,102,21","99,8,86,14,22"
8988809551,True,"71,6,102,35,14","30,54,36,8,74"
8988809550,False,"54,97,36,21,5","39,44,88,26,104"
8988809549,True,"97,48,71,25,27","92,59,123,93,111"
8988809539,False,"40,87,78,11,74","36,22,35,108,5"
8988809519,False,"56,11,67,119,1","97,83,44,60,20"
8988809518,True,"2,54,87,39,30","84,135,101,6,56"
8988809515,True,"75,9,44,36,2","67,30,71,17,29"
8988809501,True,"11,104,43,27,101","62,18,123,36,55"
8988809500,True,"106,104,8,123,87","79,25,99,67,84"
8988809491,True,"35,11,97,4,101","112,64,19,40,74"
8988809487,False,"59,25,64,96,50","43,67,5,11,100"
8988809486,True,"14,9,84,11,12","41,135,145,31,119"
8988809465,True,"54,106,74,101,49","46,131,21,108,62"
8988809458,False,"27,1,108,86,114","35,111,6,63,107"
8988809429,True,"26,96,74,35,9","68,94,22,131,50"
8988809413,False,"85,36,14,19,131","8,16,44,111,86"
8988809390,False,"11,123,16,107,81","94,9,25,104,68"
8988809387,True,"69,30,13,54,121","67,85,86,14,29"
8988809386,False,"14,11,69,49,101","128,20,27,23,25"
8988809384,True,"21,27,28,15,54","14,11,23,123,67"
8988809368,False,"131,97,26,1,129","108,101,18,76,31"
8988809366,True,"5,8,71,128,55","60,138,112,89,106"
8988809364,False,"103,131,108,101,6","10,40,59,88,12"
8988809362,False,"46,121,55,36,71","40,1,91,129,22"
8988809358,True,"20,9,60,19,22","112,80,2,101,26"
8988809344,True,"9,70,50,104,123","2,30,76,93,64"
8988809343,False,"86,27,11,55,14","96,105,23,48,128"
8988809340,True,"14,99,8,83,25","54,9,33,101,11"
8988809337,True,"63,91,54,77,84","101,131,109,114,2"
8988809334,True,"67,36,48,53,90","11,107,74,2,10"
8988809323,True,"95,131,135,113,64","85,50,11,18,123"
8988809321,True,"25,54,40,111,129","62,59,2,48,31"
8988809312,False,"123,22,58,41,14","20,54,84,21,42"
8988809284,True,"36,31,8,9,104","18,35,7,5,135"
8988809275,True,"86,9,114,11,49","12,103,100,106,37"
8988809268,True,"62,108,12,35,101","7,6,128,135,86"
8988809267,True,"92,8,35,11,32","25,71,14,86,69"
8988809266,False,"42,14,1,64,39","84,74,49,40,98"
8988809263,True,"100,36,131,11,77","39,22,75,80,16"
8988809253,False,"12,104,25,40,50","9,2,21,3,126"
8988809252,True,"71,28,85,25,48","81,42,16,39,111"
8988809251,False,"20,15,47,111,18","113,7,90,17,64"
8988809247,False,"101,138,7,42,123","8,26,106,5,135"
8988809242,False,"5,88,126,108,67","25,109,104,101,7"
8988809236,True,"5,82,26,6,74","91,99,84,36,54"
8988809232,True,"54,131,36,33,14","25,45,108,12,128"
8988809222,True,"106,11,87,14,108","53,71,54,123,77"
8988809214,True,"76,97,11,26,75","36,44,56,85,102"
8988809213,False,"7,12,73,145,26","8,21,62,120,29"
8988809211,False,"2,10,91,46,56","22,25,53,48,55"
8988809210,False,"88,55,93,131,106","86,145,100,129,87"
8988809203,False,"8,128,84,90,135","107,47,22,93,42"
8988809200,False,"14,31,36,54,135","101,69,30,52,88"
8988809199,False,"51,27,138,64,77","99,75,26,25,50"
8988809194,True,"49,9,11,29,111","7,48,105,28,123"
8988809151,True,"102,42,15,72,74","128,67,98,86,34"
8988809143,False,"14,63,5,111,75","26,123,2,19,86"
8988809136,False,"35,8,5,62,55","101,67,76,37,104"
8988809122,False,"119,21,42,8,128","79,11,51,98,2"
8988809118,True,"28,112,1,14,32","129,74,11,5,64"
8988809105,True,"84,6,77,91,75","44,35,129,101,86"
8988809104,False,"110,97,86,8,36","85,84,128,6,31"
8988809102,True,"45,22,40,16,60","53,72,20,26,93"
8988809099,True,"32,11,76,108,62","36,14,48,33,30"
8988809096,True,"74,80,26,35,113","78,14,11,21,72"
8988809082,False,"110,27,96,54,74","9,14,6,30,36"
8988809079,False,"112,93,64,129,53","2,73,86,111,128"
8988809078,True,"19,63,98,123,86","32,48,18,12,80"
8988809076,True,"129,76,95,62,26","20,60,14,25,42"
8988809073,True,"21,9,44,72,84","85,100,54,33,31"
8988809070,True,"98,44,71,14,73","68,27,53,8,126"
8988809061,True,"71,14,101,136,15","6,105,60,102,36"
8988809051,False,"1,25,74,29,114","120,20,2,56,28"
8988809049,False,"5,68,54,104,7","97,63,14,43,108"
8988809042,True,"45,42,98,33,21","74,97,15,72,69"
8988809016,True,"69,54,17,26,14","22,59,93,121,108"
8988809015,False,"54,21,14,25,2","67,22,136,68,55"
8988809008,False,"106,135,5,109,21","25,86,2,48,9"
8988808970,False,"20,57,101,8,36","53,81,49,69,106"
8988808967,False,"30,21,1,98,17","71,69,128,31,11"
8988808964,True,"9,39,4,108,123","85,126,11,128,84"
8988808963,True,"67,11,44,55,7","74,137,26,86,35"
8988808913,True,"63,15,29,86,123","22,96,9,21,67"
8988808906,False,"99,86,63,89,25","84,10,14,64,36"
8988808905,True,"11,93,60,101,62","105,108,106,53,26"
8988808904,False,"69,131,106,8,112","28,11,62,21,1"
8988808901,True,"135,43,101,26,48","14,60,112,76,18"
8988808881,True,"26,113,19,135,44","2,74,107,35,123"
8988808871,True,"121,76,67,69,7","54,101,9,74,23"
8988808848,True,"30,48,108,26,22","106,138,81,101,51"
8988808843,False,"9,37,106,11,14","48,31,110,53,129"
8988808841,False,"84,108,83,20,86","9,35,8,7,85"
8988808839,True,"30,1,91,62,49","2,131,55,70,9"
8988808837,True,"6,85,11,112,137","119,46,68,2,36"
8988808827,False,"74,44,84,7,96","36,48,14,9,39"
8988808825,True,"54,85,14,40,114","128,12,27,96,39"
8988808821,True,"11,21,91,120,90","136,64,46,28,110"
8988808819,True,"85,1,25,71,15","35,53,26,90,69"
8988808817,False,"97,25,106,8,86","119,14,64,76,99"
8988808816,False,"106,7,64,89,22","25,99,44,15,86"
8988808815,False,"98,86,75,54,25","8,87,13,123,15"
8988808802,True,"123,114,42,36,39","72,131,34,2,54"
8988808795,True,"40,93,22,18,42","9,26,108,67,76"
8988808782,True,"25,35,64,72,114","52,22,111,44,11"
8988808781,False,"30,97,25,35,53","110,32,113,128,45"
8988808780,True,"20,35,36,67,9","41,27,75,47,17"
8988808767,True,"48,29,106,91,7","15,86,67,128,21"
8988808765,True,"25,83,95,136,71","54,104,14,9,43"
8988808759,False,"64,45,36,155,1","53,99,83,41,71"
8988808756,True,"84,74,35,34,16","97,30,137,63,6"
8988808748,True,"84,18,27,75,35","119,44,107,86,26"
8988808747,False,"41,84,30,72,91","26,49,20,85,62"
8988808745,True,"105,29,67,74,86","108,84,63,85,25"
8988808717,True,"109,19,135,40,34","39,108,74,51,12"
8988808702,True,"81,78,85,106,9","14,11,83,22,2"
8988808700,True,"85,8,101,40,105","37,73,128,18,11"
8988808696,False,"136,54,14,39,99","101,11,29,93,27"
8988808673,False,"54,30,71,104,107","22,5,93,114,2"
8988808665,True,"37,6,88,71,17","21,35,101,13,94"
8988808656,False,"102,107,9,26,70","76,39,86,41,98"
8988808655,True,"38,7,71,25,93","131,54,129,86,26"
8988808650,True,"128,7,136,19,61","37,5,3,1,45"
8988808642,True,"71,94,123,84,128","27,85,1,11,63"
8988808641,False,"123,44,23,108,71","27,93,47,106,68"
8988808637,True,"126,93,100,85,131","9,53,14,129,106"
8988808636,False,"86,12,7,73,126","69,71,22,48,66"
8988808634,True,"41,101,21,76,29","27,104,22,93,92"
8988808633,True,"102,22,18,42,5","101,120,36,86,48"
8988808626,False,"17,11,62,26,98","48,47,112,131,108"
8988808587,False,"35,71,2,105,104","40,64,47,89,22"
8988808586,True,"11,69,7,53,30","107,47,22,48,4"
8988808585,False,"110,86,145,38,75","22,54,25,5,49"
8988808582,True,"109,106,62,123,88","60,19,17,86,30"
8988808575,True,"14,36,69,30,46","97,21,28,112,39"
8988808559,False,"44,75,104,46,26","31,28,93,22,99"
8988808558,True,"36,18,9,86,68","67,82,20,111,71"
8988808507,False,"76,14,93,31,60","135,86,48,47,71"
8988808504,True,"49,8,22,86,84","75,35,42,64,108"
8988808501,False,"63,14,29,74,53","17,93,9,25,26"
8988808500,False,"17,53,145,55,9","1,96,14,31,35"
8988808499,True,"105,68,93,135,49","7,25,14,96,41"
8988808492,True,"28,86,101,35,15","22,69,106,29,67"
8988808489,False,"15,86,16,20,47","93,14,21,76,5"
8988808474,True,"5,48,15,104,123","101,14,8,11,62"
8988808470,False,"135,11,25,86,101","16,26,84,109,32"
8988808465,False,"18,84,86,135,39","71,73,138,111,53"
8988808463,False,"86,4,111,108,97","1,105,73,3,59"
8988808453,False,"57,43,3,50,4","69,97,35,58,110"
8988808442,False,"86,60,13,18,14","35,111,34,2,39"
8988808441,True,"5,128,81,92,48","31,63,39,79,33"
8988808427,True,"62,106,67,93,74","14,12,28,35,84"
8988808426,True,"84,54,20,15,28","107,10,39,128,135"
8988808421,True,"97,54,105,21,71","25,11,27,110,81"
8988808416,False,"30,20,105,14,44","11,7,54,96,87"
8988808415,False,"106,12,35,121,60","20,74,6,25,71"
8988808404,False,"21,45,17,86,36","14,11,1,26,47"
8988808384,True,"40,108,8,101,36","145,2,87,67,14"
8988808359,True,"44,128,17,22,110","2,16,57,97,35"
8988808343,True,"59,64,123,53,69","18,15,22,30,5"
8988808342,False,"5,91,25,19,108","119,9,123,39,106"
8988808341,False,"84,44,83,17,137","31,86,8,69,71"
8988808320,True,"97,8,45,101,71","67,5,46,51,84"
8988808290,True,"91,12,60,26,50","49,71,11,105,121"
8988808289,True,"29,74,123,63,21","40,6,15,105,7"
8988808286,True,"64,43,67,20,135","86,82,44,71,55"
8988808284,False,"135,96,18,86,26","107,123,67,75,42"
8988808283,False,"135,30,44,22,79","5,35,57,54,59"
8988808271,False,"93,86,9,22,120","39,32,43,75,84"
8988808266,True,"2,1,7,75,9","74,64,29,41,26"
8988808248,False,"67,25,14,104,74","91,28,20,54,145"
8988808247,False,"123,14,25,96,70","22,87,5,6,108"
8988808239,True,"62,6,21,112,5","47,69,11,31,155"
8988808225,False,"110,9,128,23,11","54,97,68,26,39"
8988808219,False,"114,84,39,135,88","36,20,119,129,11"
8988808203,True,"101,108,14,54,35","49,67,71,136,25"
8988808200,False,"74,57,37,107,8","41,36,60,22,30"
8988808195,False,"7,76,22,1,14","45,71,90,11,131"
8988808194,False,"83,8,11,23,31","7,48,104,37,76"
8988808192,True,"46,50,108,80,97","88,91,54,112,2"
8988808191,True,"36,86,7,87,54","2,1,14,52,62"
8988808189,True,"11,20,85,45,25","62,145,91,36,111"
8988808172,True,"41,22,82,135,112","108,44,91,101,19"
8988808166,False,"69,114,48,106,5","14,74,123,60,19"
8988808157,True,"110,25,29,87,93","5,107,70,9,137"
8988808155,False,"11,55,14,72,105","136,33,8,74,62"
8988808124,False,"48,87,19,136,86","135,112,42,29,75"
8988808121,True,"26,42,123,93,32","22,8,36,106,14"
8988808120,True,"75,35,14,86,32","93,88,15,45,74"
8988808119,True,"86,110,83,120,1","90,72,26,30,135"
8988808105,True,"18,40,68,11,25","22,41,84,135,54"
8988808104,False,"44,95,76,80,75","71,14,86,108,84"
8988808102,False,"87,62,29,74,11","50,72,21,9,71"
8988808101,True,"86,75,14,26,11","19,9,107,47,136"
8988808097,True,"35,91,28,102,107","93,128,11,70,105"
8988808076,False,"106,5,35,6,71","30,53,42,21,112"
8988808074,False,"14,108,40,74,8","51,25,129,48,62"
8988808073,False,"85,17,86,41,27","114,64,103,11,128"
8988808068,True,"84,67,18,110,26","35,31,42,41,131"
8988808044,True,"25,26,18,14,131","111,2,91,6,120"
8988808041,True,"106,28,86,48,84","96,14,54,74,68"
8988808020,True,"93,64,88,42,76","26,12,31,96,104"
8988808019,True,"128,12,131,135,9","111,4,69,25,21"
8988808001,True,"105,84,25,110,48","20,81,65,10,22"
8988807995,False,"5,93,26,36,85","25,14,108,1,27"
8988807994,False,"96,84,135,67,75","45,26,31,93,2"
8988807991,True,"93,27,54,25,23","12,64,13,145,86"
8988807978,True,"15,123,7,93,25","54,121,42,14,35"
8988807976,True,"112,135,11,25,74","121,99,7,97,48"
8988807973,True,"14,74,41,85,55","6,22,91,36,71"
8988807971,False,"74,35,11,93,108","54,14,42,25,21"
8988807969,True,"119,145,108,46,21","27,70,47,83,49"
8988807963,True,"87,18,9,106,21","47,72,22,60,5"
8988807961,False,"14,9,114,26,106","74,54,19,86,35"
8988807945,False,"18,42,79,108,7","92,13,37,54,101"
8988807941,True,"8,68,27,59,60","1,63,67,30,49"
8988807939,True,"88,12,74,97,131","18,45,28,107,123"
8988807923,False,"39,68,86,14,6","123,19,26,58,41"
8988807915,True,"83,71,20,36,90","18,27,108,9,25"
8988807892,False,"4,7,8,21,110","17,11,58,50,14"
8988807890,False,"14,20,39,67,71","36,84,93,29,64"
8988807887,True,"84,123,87,63,28","30,96,20,120,8"
8988807873,True,"104,46,105,85,74","2,26,112,44,97"
8988807871,True,"19,120,128,12,87","45,70,30,102,14"
8988807869,False,"113,10,34,84,14","145,136,36,110,77"
8988807866,False,"40,114,49,86,59","93,56,84,42,15"
8988807865,True,"123,23,26,1,113","45,44,34,84,77"
8988807864,False,"22,51,2,70,128","108,71,126,8,101"
8988807862,True,"110,86,2,8,107","31,101,54,74,60"
8988807843,False,"55,8,97,106,9","26,15,64,62,145"
8988807842,True,"54,76,104,97,26","98,35,21,73,128"
8988807838,False,"128,74,42,104,22","11,25,91,15,84"
8988807833,True,"104,101,86,50,18","49,11,105,14,25"
8988807831,True,"22,32,67,17,28","41,86,85,74,35"
8988807816,True,"77,21,7,10,101","36,108,35,31,5"
8988807800,True,"8,14,32,5,107","62,26,112,2,10"
8988807798,True,"19,5,109,58,42","14,17,94,97,2"
8988807796,False,"11,155,91,62,88","104,27,82,93,71"
8988807790,True,"35,18,37,15,128","14,138,98,31,25"
8988807787,True,"123,67,30,28,120","97,11,14,53,112"
8988807786,False,"106,9,99,93,37","83,74,11,60,5"
8988807770,False,"25,100,99,83,15","34,114,47,7,37"
8988807756,False,"49,22,11,40,3","102,110,53,97,128"
8988807741,True,"86,114,47,14,30","76,84,54,31,29"
